Using pre-set license
Built from '2020.3/staging' branch; Version is '2020.3.9f1 (108be757e447) revision 1084391'; Using compiler version '192528614'; Build Type 'Release'
OS: 'Windows 10 Pro; OS build 19041.1165; Version 2004; 64bit' Language: 'en' Physical Memory: 32682 MB
BatchMode: 1, IsHumanControllingUs: 0, StartBugReporterOnCrash: 0, Is64bit: 1, IsPro: 0

 COMMAND LINE ARGUMENTS:
C:\Program Files\Unity\Hub\Editor\2020.3.9f1\Editor\Unity.exe
-adb2
-batchMode
-noUpm
-name
AssetImportWorker1
-projectPath
C:/Users/Alessia/Desktop/Thesis Project/Thesis/BirdGame
-logFile
Logs/AssetImportWorker1.log
-srvPort
54776
Successfully changed project path to: C:/Users/Alessia/Desktop/Thesis Project/Thesis/BirdGame
C:/Users/Alessia/Desktop/Thesis Project/Thesis/BirdGame
Using Asset Import Pipeline V2.
Refreshing native plugins compatible for Editor in 36.31 ms, found 1 plugins.
Preloading 0 native plugins for Editor in 0.00 ms.
Initialize engine version: 2020.3.9f1 (108be757e447)
[Subsystems] Discovering subsystems at path C:/Program Files/Unity/Hub/Editor/2020.3.9f1/Editor/Data/Resources/UnitySubsystems
[Subsystems] Discovering subsystems at path C:/Users/Alessia/Desktop/Thesis Project/Thesis/BirdGame/Assets
GfxDevice: creating device client; threaded=0
Direct3D:
    Version:  Direct3D 11.0 [level 11.1]
    Renderer: NVIDIA GeForce RTX 2060 SUPER (ID=0x1f06)
    Vendor:   
    VRAM:     8031 MB
    Driver:   27.21.14.5671
Initialize mono
Mono path[0] = 'C:/Program Files/Unity/Hub/Editor/2020.3.9f1/Editor/Data/Managed'
Mono path[1] = 'C:/Program Files/Unity/Hub/Editor/2020.3.9f1/Editor/Data/MonoBleedingEdge/lib/mono/unityjit'
Mono config path = 'C:/Program Files/Unity/Hub/Editor/2020.3.9f1/Editor/Data/MonoBleedingEdge/etc'
Using monoOptions --debugger-agent=transport=dt_socket,embedding=1,server=y,suspend=n,address=127.0.0.1:56556
Begin MonoManager ReloadAssembly
Registering precompiled unity dll's ...
Register platform support module: C:/Program Files/Unity/Hub/Editor/2020.3.9f1/Editor/Data/PlaybackEngines/WindowsStandaloneSupport/UnityEditor.WindowsStandalone.Extensions.dll
Registered in 0.001712 seconds.
Native extension for WindowsStandalone target not found
Refreshing native plugins compatible for Editor in 36.52 ms, found 1 plugins.
Preloading 0 native plugins for Editor in 0.00 ms.
Mono: successfully reloaded assembly
- Completed reload, in  1.008 seconds
Platform modules already initialized, skipping
Registering precompiled user dll's ...
Registered in 0.000793 seconds.
Begin MonoManager ReloadAssembly
Native extension for WindowsStandalone target not found
Refreshing native plugins compatible for Editor in 36.96 ms, found 1 plugins.
Preloading 0 native plugins for Editor in 0.00 ms.
Mono: successfully reloaded assembly
- Completed reload, in  0.849 seconds
Platform modules already initialized, skipping
========================================================================
Worker process is ready to serve import requests
Launched and connected shader compiler UnityShaderCompiler.exe after 0.07 seconds
Refreshing native plugins compatible for Editor in 0.45 ms, found 1 plugins.
Preloading 0 native plugins for Editor in 0.00 ms.
Unloading 2117 Unused Serialized files (Serialized files now loaded: 0)
System memory in use before: 96.0 MB.
System memory in use after: 96.0 MB.

Unloading 26 unused Assets to reduce memory usage. Loaded Objects now: 2561.
Total: 2.522400 ms (FindLiveObjects: 0.237100 ms CreateObjectMapping: 0.048400 ms MarkObjects: 2.100500 ms  DeleteObjects: 0.135100 ms)

========================================================================
Received Import Request.
  path: Assets/torsoMotion.cs
  artifactKey: Guid(0e0efc42fb003ea4db43f9ff4f3c5426) Importer(815301076,1909f56bfc062723c751e8b465ee728b)
Start importing Assets/torsoMotion.cs using Guid(0e0efc42fb003ea4db43f9ff4f3c5426) Importer(815301076,1909f56bfc062723c751e8b465ee728b)  -> (artifact id: 'd0064cee8d6059a6208ad4ec40f83efa') in 0.025932 seconds
  Import took 0.029058 seconds .

========================================================================
Received Prepare
Registering precompiled user dll's ...
Registered in 0.001017 seconds.
Begin MonoManager ReloadAssembly
Native extension for WindowsStandalone target not found
Refreshing native plugins compatible for Editor in 0.53 ms, found 1 plugins.
Preloading 0 native plugins for Editor in 0.00 ms.
Mono: successfully reloaded assembly
- Completed reload, in  0.875 seconds
Platform modules already initialized, skipping
Refreshing native plugins compatible for Editor in 0.53 ms, found 1 plugins.
Preloading 0 native plugins for Editor in 0.00 ms.
Unloading 2110 Unused Serialized files (Serialized files now loaded: 0)
System memory in use before: 96.1 MB.
System memory in use after: 96.0 MB.

Unloading 13 unused Assets to reduce memory usage. Loaded Objects now: 2564.
Total: 2.356100 ms (FindLiveObjects: 0.304100 ms CreateObjectMapping: 0.064100 ms MarkObjects: 1.872000 ms  DeleteObjects: 0.114500 ms)

========================================================================
Received Prepare
Registering precompiled user dll's ...
Registered in 0.001163 seconds.
Begin MonoManager ReloadAssembly
Native extension for WindowsStandalone target not found
Refreshing native plugins compatible for Editor in 0.51 ms, found 1 plugins.
Preloading 0 native plugins for Editor in 0.00 ms.
Mono: successfully reloaded assembly
- Completed reload, in  0.746 seconds
Platform modules already initialized, skipping
Refreshing native plugins compatible for Editor in 0.63 ms, found 1 plugins.
Preloading 0 native plugins for Editor in 0.00 ms.
Unloading 2110 Unused Serialized files (Serialized files now loaded: 0)
System memory in use before: 96.1 MB.
System memory in use after: 96.1 MB.

Unloading 12 unused Assets to reduce memory usage. Loaded Objects now: 2568.
Total: 2.533600 ms (FindLiveObjects: 0.268800 ms CreateObjectMapping: 0.046400 ms MarkObjects: 2.083900 ms  DeleteObjects: 0.133400 ms)

========================================================================
Received Prepare
Registering precompiled user dll's ...
Registered in 0.000981 seconds.
Begin MonoManager ReloadAssembly
Native extension for WindowsStandalone target not found
Refreshing native plugins compatible for Editor in 0.45 ms, found 1 plugins.
Preloading 0 native plugins for Editor in 0.00 ms.
Mono: successfully reloaded assembly
- Completed reload, in  0.732 seconds
Platform modules already initialized, skipping
Refreshing native plugins compatible for Editor in 0.49 ms, found 1 plugins.
Preloading 0 native plugins for Editor in 0.00 ms.
Unloading 2110 Unused Serialized files (Serialized files now loaded: 0)
System memory in use before: 96.1 MB.
System memory in use after: 96.1 MB.

Unloading 12 unused Assets to reduce memory usage. Loaded Objects now: 2572.
Total: 2.477700 ms (FindLiveObjects: 0.392000 ms CreateObjectMapping: 0.059300 ms MarkObjects: 1.904400 ms  DeleteObjects: 0.120100 ms)

========================================================================
Received Prepare
Registering precompiled user dll's ...
Registered in 0.000978 seconds.
Begin MonoManager ReloadAssembly
Native extension for WindowsStandalone target not found
Refreshing native plugins compatible for Editor in 0.46 ms, found 1 plugins.
Preloading 0 native plugins for Editor in 0.00 ms.
Mono: successfully reloaded assembly
- Completed reload, in  0.746 seconds
Platform modules already initialized, skipping
Refreshing native plugins compatible for Editor in 0.50 ms, found 1 plugins.
Preloading 0 native plugins for Editor in 0.00 ms.
Unloading 2110 Unused Serialized files (Serialized files now loaded: 0)
System memory in use before: 96.1 MB.
System memory in use after: 96.1 MB.

Unloading 12 unused Assets to reduce memory usage. Loaded Objects now: 2576.
Total: 2.263000 ms (FindLiveObjects: 0.245500 ms CreateObjectMapping: 0.049200 ms MarkObjects: 1.858400 ms  DeleteObjects: 0.108500 ms)

========================================================================
Received Prepare
Registering precompiled user dll's ...
Registered in 0.000834 seconds.
Begin MonoManager ReloadAssembly
Native extension for WindowsStandalone target not found
Refreshing native plugins compatible for Editor in 0.48 ms, found 1 plugins.
Preloading 0 native plugins for Editor in 0.00 ms.
Mono: successfully reloaded assembly
- Completed reload, in  0.762 seconds
Platform modules already initialized, skipping
Refreshing native plugins compatible for Editor in 0.51 ms, found 1 plugins.
Preloading 0 native plugins for Editor in 0.00 ms.
Unloading 2110 Unused Serialized files (Serialized files now loaded: 0)
System memory in use before: 96.1 MB.
System memory in use after: 96.1 MB.

Unloading 12 unused Assets to reduce memory usage. Loaded Objects now: 2580.
Total: 2.604600 ms (FindLiveObjects: 0.276800 ms CreateObjectMapping: 0.046300 ms MarkObjects: 2.138100 ms  DeleteObjects: 0.141500 ms)

========================================================================
Received Prepare
Registering precompiled user dll's ...
Registered in 0.000925 seconds.
Begin MonoManager ReloadAssembly
Native extension for WindowsStandalone target not found
Refreshing native plugins compatible for Editor in 0.46 ms, found 1 plugins.
Preloading 0 native plugins for Editor in 0.00 ms.
Mono: successfully reloaded assembly
- Completed reload, in  0.725 seconds
Platform modules already initialized, skipping
Refreshing native plugins compatible for Editor in 0.57 ms, found 1 plugins.
Preloading 0 native plugins for Editor in 0.00 ms.
Unloading 2110 Unused Serialized files (Serialized files now loaded: 0)
System memory in use before: 96.1 MB.
System memory in use after: 96.1 MB.

Unloading 12 unused Assets to reduce memory usage. Loaded Objects now: 2584.
Total: 2.374000 ms (FindLiveObjects: 0.282900 ms CreateObjectMapping: 0.050300 ms MarkObjects: 1.904700 ms  DeleteObjects: 0.134600 ms)

========================================================================
Received Prepare
Registering precompiled user dll's ...
Registered in 0.000978 seconds.
Begin MonoManager ReloadAssembly
Native extension for WindowsStandalone target not found
Refreshing native plugins compatible for Editor in 0.47 ms, found 1 plugins.
Preloading 0 native plugins for Editor in 0.00 ms.
Mono: successfully reloaded assembly
- Completed reload, in  0.745 seconds
Platform modules already initialized, skipping
Refreshing native plugins compatible for Editor in 0.80 ms, found 1 plugins.
Preloading 0 native plugins for Editor in 0.00 ms.
Unloading 2110 Unused Serialized files (Serialized files now loaded: 0)
System memory in use before: 96.2 MB.
System memory in use after: 96.1 MB.

Unloading 12 unused Assets to reduce memory usage. Loaded Objects now: 2588.
Total: 2.321200 ms (FindLiveObjects: 0.284800 ms CreateObjectMapping: 0.051000 ms MarkObjects: 1.857800 ms  DeleteObjects: 0.126000 ms)

========================================================================
Received Prepare
Registering precompiled user dll's ...
Registered in 0.000859 seconds.
Begin MonoManager ReloadAssembly
Native extension for WindowsStandalone target not found
Refreshing native plugins compatible for Editor in 0.46 ms, found 1 plugins.
Preloading 0 native plugins for Editor in 0.00 ms.
Mono: successfully reloaded assembly
- Completed reload, in  0.737 seconds
Platform modules already initialized, skipping
Refreshing native plugins compatible for Editor in 0.49 ms, found 1 plugins.
Preloading 0 native plugins for Editor in 0.00 ms.
Unloading 2110 Unused Serialized files (Serialized files now loaded: 0)
System memory in use before: 96.2 MB.
System memory in use after: 96.1 MB.

Unloading 12 unused Assets to reduce memory usage. Loaded Objects now: 2592.
Total: 2.576400 ms (FindLiveObjects: 0.339700 ms CreateObjectMapping: 0.049300 ms MarkObjects: 2.060200 ms  DeleteObjects: 0.124900 ms)

========================================================================
Received Prepare
Registering precompiled user dll's ...
Registered in 0.000947 seconds.
Begin MonoManager ReloadAssembly
Native extension for WindowsStandalone target not found
Refreshing native plugins compatible for Editor in 0.45 ms, found 1 plugins.
Preloading 0 native plugins for Editor in 0.00 ms.
Mono: successfully reloaded assembly
- Completed reload, in  0.737 seconds
Platform modules already initialized, skipping
Refreshing native plugins compatible for Editor in 0.48 ms, found 1 plugins.
Preloading 0 native plugins for Editor in 0.00 ms.
Unloading 2110 Unused Serialized files (Serialized files now loaded: 0)
System memory in use before: 96.2 MB.
System memory in use after: 96.2 MB.

Unloading 12 unused Assets to reduce memory usage. Loaded Objects now: 2596.
Total: 2.555000 ms (FindLiveObjects: 0.287100 ms CreateObjectMapping: 0.045000 ms MarkObjects: 2.068600 ms  DeleteObjects: 0.152500 ms)

========================================================================
Received Prepare
Registering precompiled user dll's ...
Registered in 0.001083 seconds.
Begin MonoManager ReloadAssembly
Native extension for WindowsStandalone target not found
Refreshing native plugins compatible for Editor in 0.46 ms, found 1 plugins.
Preloading 0 native plugins for Editor in 0.00 ms.
Mono: successfully reloaded assembly
- Completed reload, in  0.732 seconds
Platform modules already initialized, skipping
Refreshing native plugins compatible for Editor in 0.51 ms, found 1 plugins.
Preloading 0 native plugins for Editor in 0.00 ms.
Unloading 2110 Unused Serialized files (Serialized files now loaded: 0)
System memory in use before: 96.2 MB.
System memory in use after: 96.2 MB.

Unloading 12 unused Assets to reduce memory usage. Loaded Objects now: 2600.
Total: 2.342400 ms (FindLiveObjects: 0.264300 ms CreateObjectMapping: 0.050300 ms MarkObjects: 1.903200 ms  DeleteObjects: 0.123100 ms)

========================================================================
Received Prepare
Registering precompiled user dll's ...
Registered in 0.001656 seconds.
Begin MonoManager ReloadAssembly
Native extension for WindowsStandalone target not found
Refreshing native plugins compatible for Editor in 0.72 ms, found 1 plugins.
Preloading 0 native plugins for Editor in 0.00 ms.
Mono: successfully reloaded assembly
- Completed reload, in  1.093 seconds
Platform modules already initialized, skipping
Refreshing native plugins compatible for Editor in 0.73 ms, found 1 plugins.
Preloading 0 native plugins for Editor in 0.00 ms.
Unloading 2110 Unused Serialized files (Serialized files now loaded: 0)
System memory in use before: 96.2 MB.
System memory in use after: 96.2 MB.

Unloading 12 unused Assets to reduce memory usage. Loaded Objects now: 2604.
Total: 4.133900 ms (FindLiveObjects: 0.587300 ms CreateObjectMapping: 0.104900 ms MarkObjects: 3.265900 ms  DeleteObjects: 0.174400 ms)

========================================================================
Received Prepare
Registering precompiled user dll's ...
Registered in 0.000947 seconds.
Begin MonoManager ReloadAssembly
Native extension for WindowsStandalone target not found
Refreshing native plugins compatible for Editor in 0.47 ms, found 1 plugins.
Preloading 0 native plugins for Editor in 0.00 ms.
Mono: successfully reloaded assembly
- Completed reload, in  0.744 seconds
Platform modules already initialized, skipping
Refreshing native plugins compatible for Editor in 0.53 ms, found 1 plugins.
Preloading 0 native plugins for Editor in 0.00 ms.
Unloading 2110 Unused Serialized files (Serialized files now loaded: 0)
System memory in use before: 96.2 MB.
System memory in use after: 96.2 MB.

Unloading 12 unused Assets to reduce memory usage. Loaded Objects now: 2608.
Total: 2.781700 ms (FindLiveObjects: 0.297400 ms CreateObjectMapping: 0.046200 ms MarkObjects: 2.305200 ms  DeleteObjects: 0.130600 ms)

========================================================================
Received Prepare
Registering precompiled user dll's ...
Registered in 0.001434 seconds.
Begin MonoManager ReloadAssembly
Native extension for WindowsStandalone target not found
Refreshing native plugins compatible for Editor in 0.55 ms, found 1 plugins.
Preloading 0 native plugins for Editor in 0.00 ms.
Mono: successfully reloaded assembly
- Completed reload, in  0.971 seconds
Platform modules already initialized, skipping
Refreshing native plugins compatible for Editor in 0.61 ms, found 1 plugins.
Preloading 0 native plugins for Editor in 0.00 ms.
Unloading 2110 Unused Serialized files (Serialized files now loaded: 0)
System memory in use before: 96.2 MB.
System memory in use after: 96.2 MB.

Unloading 12 unused Assets to reduce memory usage. Loaded Objects now: 2612.
Total: 2.789400 ms (FindLiveObjects: 0.309300 ms CreateObjectMapping: 0.046600 ms MarkObjects: 2.304800 ms  DeleteObjects: 0.126200 ms)

========================================================================
Received Prepare
Registering precompiled user dll's ...
Registered in 0.001065 seconds.
Begin MonoManager ReloadAssembly
Native extension for WindowsStandalone target not found
Refreshing native plugins compatible for Editor in 0.47 ms, found 1 plugins.
Preloading 0 native plugins for Editor in 0.00 ms.
Mono: successfully reloaded assembly
- Completed reload, in  0.742 seconds
Platform modules already initialized, skipping
Refreshing native plugins compatible for Editor in 0.72 ms, found 1 plugins.
Preloading 0 native plugins for Editor in 0.00 ms.
Unloading 2110 Unused Serialized files (Serialized files now loaded: 0)
System memory in use before: 96.2 MB.
System memory in use after: 96.2 MB.

Unloading 12 unused Assets to reduce memory usage. Loaded Objects now: 2616.
Total: 2.646500 ms (FindLiveObjects: 0.350800 ms CreateObjectMapping: 0.065900 ms MarkObjects: 2.091700 ms  DeleteObjects: 0.136200 ms)

========================================================================
Received Prepare
Registering precompiled user dll's ...
Registered in 0.000938 seconds.
Begin MonoManager ReloadAssembly
Native extension for WindowsStandalone target not found
Refreshing native plugins compatible for Editor in 0.48 ms, found 1 plugins.
Preloading 0 native plugins for Editor in 0.00 ms.
Mono: successfully reloaded assembly
- Completed reload, in  0.747 seconds
Platform modules already initialized, skipping
Refreshing native plugins compatible for Editor in 0.80 ms, found 1 plugins.
Preloading 0 native plugins for Editor in 0.00 ms.
Unloading 2110 Unused Serialized files (Serialized files now loaded: 0)
System memory in use before: 96.2 MB.
System memory in use after: 96.2 MB.

Unloading 12 unused Assets to reduce memory usage. Loaded Objects now: 2620.
Total: 2.184700 ms (FindLiveObjects: 0.247900 ms CreateObjectMapping: 0.049900 ms MarkObjects: 1.779000 ms  DeleteObjects: 0.106800 ms)

========================================================================
Received Prepare
Registering precompiled user dll's ...
Registered in 0.000887 seconds.
Begin MonoManager ReloadAssembly
Native extension for WindowsStandalone target not found
Refreshing native plugins compatible for Editor in 0.47 ms, found 1 plugins.
Preloading 0 native plugins for Editor in 0.00 ms.
Mono: successfully reloaded assembly
- Completed reload, in  0.742 seconds
Platform modules already initialized, skipping
Refreshing native plugins compatible for Editor in 0.59 ms, found 1 plugins.
Preloading 0 native plugins for Editor in 0.00 ms.
Unloading 2110 Unused Serialized files (Serialized files now loaded: 0)
System memory in use before: 96.2 MB.
System memory in use after: 96.2 MB.

Unloading 12 unused Assets to reduce memory usage. Loaded Objects now: 2624.
Total: 2.470200 ms (FindLiveObjects: 0.236300 ms CreateObjectMapping: 0.048800 ms MarkObjects: 2.026600 ms  DeleteObjects: 0.157300 ms)

========================================================================
Received Prepare
Registering precompiled user dll's ...
Registered in 0.001304 seconds.
Begin MonoManager ReloadAssembly
Native extension for WindowsStandalone target not found
Refreshing native plugins compatible for Editor in 0.47 ms, found 1 plugins.
Preloading 0 native plugins for Editor in 0.00 ms.
Mono: successfully reloaded assembly
- Completed reload, in  0.749 seconds
Platform modules already initialized, skipping
Refreshing native plugins compatible for Editor in 0.82 ms, found 1 plugins.
Preloading 0 native plugins for Editor in 0.00 ms.
Unloading 2110 Unused Serialized files (Serialized files now loaded: 0)
System memory in use before: 96.3 MB.
System memory in use after: 96.2 MB.

Unloading 12 unused Assets to reduce memory usage. Loaded Objects now: 2628.
Total: 2.814600 ms (FindLiveObjects: 0.280300 ms CreateObjectMapping: 0.049400 ms MarkObjects: 2.354700 ms  DeleteObjects: 0.128600 ms)

========================================================================
Received Prepare
Registering precompiled user dll's ...
Registered in 0.000969 seconds.
Begin MonoManager ReloadAssembly
Native extension for WindowsStandalone target not found
Refreshing native plugins compatible for Editor in 0.46 ms, found 1 plugins.
Preloading 0 native plugins for Editor in 0.00 ms.
Mono: successfully reloaded assembly
- Completed reload, in  0.755 seconds
Platform modules already initialized, skipping
Refreshing native plugins compatible for Editor in 0.52 ms, found 1 plugins.
Preloading 0 native plugins for Editor in 0.00 ms.
Unloading 2110 Unused Serialized files (Serialized files now loaded: 0)
System memory in use before: 96.3 MB.
System memory in use after: 96.3 MB.

Unloading 12 unused Assets to reduce memory usage. Loaded Objects now: 2632.
Total: 2.632700 ms (FindLiveObjects: 0.279800 ms CreateObjectMapping: 0.047800 ms MarkObjects: 1.993800 ms  DeleteObjects: 0.309600 ms)

========================================================================
Received Import Request.
  Time since last request: 53037.086110 seconds.
  path: Assets/Art/TutorialArt/WowBackground.png
  artifactKey: Guid(ff25198278257a742819a856e7f49586) Importer(815301076,1909f56bfc062723c751e8b465ee728b)
Start importing Assets/Art/TutorialArt/WowBackground.png using Guid(ff25198278257a742819a856e7f49586) Importer(815301076,1909f56bfc062723c751e8b465ee728b)  -> (artifact id: '8ab5f2403a72a4d900ae36364df48caf') in 0.126971 seconds
  Import took 0.130934 seconds .

========================================================================
Received Prepare
Registering precompiled user dll's ...
Registered in 0.000957 seconds.
Begin MonoManager ReloadAssembly
Native extension for WindowsStandalone target not found
Refreshing native plugins compatible for Editor in 0.46 ms, found 1 plugins.
Preloading 0 native plugins for Editor in 0.00 ms.
Mono: successfully reloaded assembly
- Completed reload, in  0.756 seconds
Platform modules already initialized, skipping
Refreshing native plugins compatible for Editor in 0.47 ms, found 1 plugins.
Preloading 0 native plugins for Editor in 0.00 ms.
Unloading 2110 Unused Serialized files (Serialized files now loaded: 0)
System memory in use before: 99.2 MB.
System memory in use after: 99.2 MB.

Unloading 12 unused Assets to reduce memory usage. Loaded Objects now: 2642.
Total: 2.238600 ms (FindLiveObjects: 0.263400 ms CreateObjectMapping: 0.048600 ms MarkObjects: 1.818100 ms  DeleteObjects: 0.106800 ms)

========================================================================
Received Prepare
Registering precompiled user dll's ...
Registered in 0.001020 seconds.
Begin MonoManager ReloadAssembly
Native extension for WindowsStandalone target not found
Refreshing native plugins compatible for Editor in 0.64 ms, found 1 plugins.
Preloading 0 native plugins for Editor in 0.00 ms.
Mono: successfully reloaded assembly
- Completed reload, in  0.850 seconds
Platform modules already initialized, skipping
Refreshing native plugins compatible for Editor in 0.53 ms, found 1 plugins.
Preloading 0 native plugins for Editor in 0.00 ms.
Unloading 2110 Unused Serialized files (Serialized files now loaded: 0)
System memory in use before: 99.2 MB.
System memory in use after: 99.2 MB.

Unloading 12 unused Assets to reduce memory usage. Loaded Objects now: 2646.
Total: 2.408500 ms (FindLiveObjects: 0.286400 ms CreateObjectMapping: 0.052500 ms MarkObjects: 1.944900 ms  DeleteObjects: 0.123100 ms)

========================================================================
Received Prepare
Registering precompiled user dll's ...
Registered in 0.000915 seconds.
Begin MonoManager ReloadAssembly
Native extension for WindowsStandalone target not found
Refreshing native plugins compatible for Editor in 0.47 ms, found 1 plugins.
Preloading 0 native plugins for Editor in 0.00 ms.
Mono: successfully reloaded assembly
- Completed reload, in  0.736 seconds
Platform modules already initialized, skipping
Refreshing native plugins compatible for Editor in 0.48 ms, found 1 plugins.
Preloading 0 native plugins for Editor in 0.00 ms.
Unloading 2110 Unused Serialized files (Serialized files now loaded: 0)
System memory in use before: 99.2 MB.
System memory in use after: 99.2 MB.

Unloading 12 unused Assets to reduce memory usage. Loaded Objects now: 2650.
Total: 2.634000 ms (FindLiveObjects: 0.284300 ms CreateObjectMapping: 0.049500 ms MarkObjects: 2.179500 ms  DeleteObjects: 0.119200 ms)

========================================================================
Received Prepare
Registering precompiled user dll's ...
Registered in 0.001108 seconds.
Begin MonoManager ReloadAssembly
Native extension for WindowsStandalone target not found
Refreshing native plugins compatible for Editor in 0.47 ms, found 1 plugins.
Preloading 0 native plugins for Editor in 0.00 ms.
Mono: successfully reloaded assembly
- Completed reload, in  0.743 seconds
Platform modules already initialized, skipping
Refreshing native plugins compatible for Editor in 0.67 ms, found 1 plugins.
Preloading 0 native plugins for Editor in 0.00 ms.
Unloading 2110 Unused Serialized files (Serialized files now loaded: 0)
System memory in use before: 99.2 MB.
System memory in use after: 99.2 MB.

Unloading 12 unused Assets to reduce memory usage. Loaded Objects now: 2654.
Total: 2.595500 ms (FindLiveObjects: 0.253500 ms CreateObjectMapping: 0.050000 ms MarkObjects: 2.141200 ms  DeleteObjects: 0.149400 ms)

========================================================================
Received Prepare
Registering precompiled user dll's ...
Registered in 0.001147 seconds.
Begin MonoManager ReloadAssembly
Native extension for WindowsStandalone target not found
Refreshing native plugins compatible for Editor in 0.46 ms, found 1 plugins.
Preloading 0 native plugins for Editor in 0.00 ms.
Mono: successfully reloaded assembly
- Completed reload, in  0.761 seconds
Platform modules already initialized, skipping
Refreshing native plugins compatible for Editor in 0.51 ms, found 1 plugins.
Preloading 0 native plugins for Editor in 0.00 ms.
Unloading 2110 Unused Serialized files (Serialized files now loaded: 0)
System memory in use before: 99.3 MB.
System memory in use after: 99.2 MB.

Unloading 12 unused Assets to reduce memory usage. Loaded Objects now: 2658.
Total: 2.601000 ms (FindLiveObjects: 0.292400 ms CreateObjectMapping: 0.047900 ms MarkObjects: 2.124500 ms  DeleteObjects: 0.134600 ms)

========================================================================
Received Prepare
Registering precompiled user dll's ...
Registered in 0.000935 seconds.
Begin MonoManager ReloadAssembly
Native extension for WindowsStandalone target not found
Refreshing native plugins compatible for Editor in 0.46 ms, found 1 plugins.
Preloading 0 native plugins for Editor in 0.00 ms.
Mono: successfully reloaded assembly
- Completed reload, in  0.779 seconds
Platform modules already initialized, skipping
Refreshing native plugins compatible for Editor in 0.64 ms, found 1 plugins.
Preloading 0 native plugins for Editor in 0.00 ms.
Unloading 2110 Unused Serialized files (Serialized files now loaded: 0)
System memory in use before: 99.3 MB.
System memory in use after: 99.3 MB.

Unloading 12 unused Assets to reduce memory usage. Loaded Objects now: 2662.
Total: 2.355600 ms (FindLiveObjects: 0.306200 ms CreateObjectMapping: 0.051100 ms MarkObjects: 1.852300 ms  DeleteObjects: 0.144200 ms)

========================================================================
Received Prepare
Registering precompiled user dll's ...
Registered in 0.000971 seconds.
Begin MonoManager ReloadAssembly
Native extension for WindowsStandalone target not found
Refreshing native plugins compatible for Editor in 0.51 ms, found 1 plugins.
Preloading 0 native plugins for Editor in 0.00 ms.
Mono: successfully reloaded assembly
- Completed reload, in  0.773 seconds
Platform modules already initialized, skipping
Refreshing native plugins compatible for Editor in 0.47 ms, found 1 plugins.
Preloading 0 native plugins for Editor in 0.00 ms.
Unloading 2110 Unused Serialized files (Serialized files now loaded: 0)
System memory in use before: 99.3 MB.
System memory in use after: 99.3 MB.

Unloading 12 unused Assets to reduce memory usage. Loaded Objects now: 2666.
Total: 2.628000 ms (FindLiveObjects: 0.386500 ms CreateObjectMapping: 0.066600 ms MarkObjects: 2.044700 ms  DeleteObjects: 0.128700 ms)

========================================================================
Received Prepare
Registering precompiled user dll's ...
Registered in 0.000986 seconds.
Begin MonoManager ReloadAssembly
Native extension for WindowsStandalone target not found
Refreshing native plugins compatible for Editor in 0.55 ms, found 1 plugins.
Preloading 0 native plugins for Editor in 0.00 ms.
Mono: successfully reloaded assembly
- Completed reload, in  0.918 seconds
Platform modules already initialized, skipping
Refreshing native plugins compatible for Editor in 0.50 ms, found 1 plugins.
Preloading 0 native plugins for Editor in 0.00 ms.
Unloading 2110 Unused Serialized files (Serialized files now loaded: 0)
System memory in use before: 99.3 MB.
System memory in use after: 99.3 MB.

Unloading 12 unused Assets to reduce memory usage. Loaded Objects now: 2670.
Total: 3.215500 ms (FindLiveObjects: 0.395400 ms CreateObjectMapping: 0.052700 ms MarkObjects: 2.586100 ms  DeleteObjects: 0.179200 ms)

========================================================================
Received Prepare
Registering precompiled user dll's ...
Registered in 0.001022 seconds.
Begin MonoManager ReloadAssembly
Native extension for WindowsStandalone target not found
Refreshing native plugins compatible for Editor in 0.52 ms, found 1 plugins.
Preloading 0 native plugins for Editor in 0.00 ms.
Mono: successfully reloaded assembly
- Completed reload, in  0.843 seconds
Platform modules already initialized, skipping
Refreshing native plugins compatible for Editor in 0.55 ms, found 1 plugins.
Preloading 0 native plugins for Editor in 0.00 ms.
Unloading 2110 Unused Serialized files (Serialized files now loaded: 0)
System memory in use before: 99.3 MB.
System memory in use after: 99.3 MB.

Unloading 12 unused Assets to reduce memory usage. Loaded Objects now: 2674.
Total: 2.139300 ms (FindLiveObjects: 0.226000 ms CreateObjectMapping: 0.048100 ms MarkObjects: 1.757600 ms  DeleteObjects: 0.106500 ms)

========================================================================
Received Import Request.
  Time since last request: 746.110073 seconds.
  path: Assets/Art/TutorialArt/Dove.controller
  artifactKey: Guid(ff25fb2f5ae03c941a6876a13564d0d5) Importer(815301076,1909f56bfc062723c751e8b465ee728b)
Start importing Assets/Art/TutorialArt/Dove.controller using Guid(ff25fb2f5ae03c941a6876a13564d0d5) Importer(815301076,1909f56bfc062723c751e8b465ee728b)  -> (artifact id: '8e07bd8d5d6fea1743689d2e81e9a2a6') in 0.024338 seconds
  Import took 0.028145 seconds .

========================================================================
Received Import Request.
  Time since last request: 72.307808 seconds.
  path: Assets/Art/TutorialArt/Dove.controller
  artifactKey: Guid(ff25fb2f5ae03c941a6876a13564d0d5) Importer(815301076,1909f56bfc062723c751e8b465ee728b)
Start importing Assets/Art/TutorialArt/Dove.controller using Guid(ff25fb2f5ae03c941a6876a13564d0d5) Importer(815301076,1909f56bfc062723c751e8b465ee728b)  -> (artifact id: 'c4a9de1277745a6225d7728ccebe0206') in 0.004728 seconds
  Import took 0.008194 seconds .

========================================================================
Received Prepare
Registering precompiled user dll's ...
Registered in 0.001224 seconds.
Begin MonoManager ReloadAssembly
Native extension for WindowsStandalone target not found
Refreshing native plugins compatible for Editor in 0.52 ms, found 1 plugins.
Preloading 0 native plugins for Editor in 0.00 ms.
Mono: successfully reloaded assembly
- Completed reload, in  0.860 seconds
Platform modules already initialized, skipping
Refreshing native plugins compatible for Editor in 0.72 ms, found 1 plugins.
Preloading 0 native plugins for Editor in 0.00 ms.
Unloading 2110 Unused Serialized files (Serialized files now loaded: 0)
System memory in use before: 99.3 MB.
System memory in use after: 99.3 MB.

Unloading 12 unused Assets to reduce memory usage. Loaded Objects now: 2678.
Total: 2.671200 ms (FindLiveObjects: 0.269800 ms CreateObjectMapping: 0.050100 ms MarkObjects: 2.223600 ms  DeleteObjects: 0.126600 ms)

========================================================================
Received Prepare
Registering precompiled user dll's ...
Registered in 0.001472 seconds.
Begin MonoManager ReloadAssembly
Native extension for WindowsStandalone target not found
Refreshing native plugins compatible for Editor in 0.49 ms, found 1 plugins.
Preloading 0 native plugins for Editor in 0.00 ms.
Mono: successfully reloaded assembly
- Completed reload, in  0.839 seconds
Platform modules already initialized, skipping
Refreshing native plugins compatible for Editor in 0.51 ms, found 1 plugins.
Preloading 0 native plugins for Editor in 0.00 ms.
Unloading 2110 Unused Serialized files (Serialized files now loaded: 0)
System memory in use before: 99.3 MB.
System memory in use after: 99.3 MB.

Unloading 12 unused Assets to reduce memory usage. Loaded Objects now: 2682.
Total: 2.420000 ms (FindLiveObjects: 0.277300 ms CreateObjectMapping: 0.049500 ms MarkObjects: 1.952100 ms  DeleteObjects: 0.139600 ms)

========================================================================
Received Prepare
Registering precompiled user dll's ...
Registered in 0.001185 seconds.
Begin MonoManager ReloadAssembly
Native extension for WindowsStandalone target not found
Refreshing native plugins compatible for Editor in 0.66 ms, found 1 plugins.
Preloading 0 native plugins for Editor in 0.00 ms.
Mono: successfully reloaded assembly
- Completed reload, in  0.871 seconds
Platform modules already initialized, skipping
Refreshing native plugins compatible for Editor in 0.70 ms, found 1 plugins.
Preloading 0 native plugins for Editor in 0.00 ms.
Unloading 2110 Unused Serialized files (Serialized files now loaded: 0)
System memory in use before: 99.3 MB.
System memory in use after: 99.3 MB.

Unloading 12 unused Assets to reduce memory usage. Loaded Objects now: 2686.
Total: 3.194700 ms (FindLiveObjects: 0.438000 ms CreateObjectMapping: 0.053000 ms MarkObjects: 2.557100 ms  DeleteObjects: 0.144600 ms)

========================================================================
Received Prepare
Registering precompiled user dll's ...
Registered in 0.000989 seconds.
Begin MonoManager ReloadAssembly
Native extension for WindowsStandalone target not found
Refreshing native plugins compatible for Editor in 0.51 ms, found 1 plugins.
Preloading 0 native plugins for Editor in 0.00 ms.
Mono: successfully reloaded assembly
- Completed reload, in  0.836 seconds
Platform modules already initialized, skipping
Refreshing native plugins compatible for Editor in 0.52 ms, found 1 plugins.
Preloading 0 native plugins for Editor in 0.00 ms.
Unloading 2110 Unused Serialized files (Serialized files now loaded: 0)
System memory in use before: 99.4 MB.
System memory in use after: 99.3 MB.

Unloading 12 unused Assets to reduce memory usage. Loaded Objects now: 2690.
Total: 2.442300 ms (FindLiveObjects: 0.291700 ms CreateObjectMapping: 0.101600 ms MarkObjects: 1.904300 ms  DeleteObjects: 0.142800 ms)

========================================================================
Received Import Request.
  Time since last request: 305.190599 seconds.
  path: Assets/Art/TutorialArt/PlayerJump.anim
  artifactKey: Guid(005bb9ce8d310314cb9408f5ea66829d) Importer(815301076,1909f56bfc062723c751e8b465ee728b)
Start importing Assets/Art/TutorialArt/PlayerJump.anim using Guid(005bb9ce8d310314cb9408f5ea66829d) Importer(815301076,1909f56bfc062723c751e8b465ee728b)  -> (artifact id: 'e8d8734d54b6bfaef0ebde761c474b54') in 0.018831 seconds
  Import took 0.022515 seconds .

========================================================================
Received Prepare
Registering precompiled user dll's ...
Registered in 0.001336 seconds.
Begin MonoManager ReloadAssembly
Native extension for WindowsStandalone target not found
Refreshing native plugins compatible for Editor in 0.45 ms, found 1 plugins.
Preloading 0 native plugins for Editor in 0.00 ms.
Mono: successfully reloaded assembly
- Completed reload, in  0.750 seconds
Platform modules already initialized, skipping
Refreshing native plugins compatible for Editor in 0.46 ms, found 1 plugins.
Preloading 0 native plugins for Editor in 0.00 ms.
Unloading 2110 Unused Serialized files (Serialized files now loaded: 0)
System memory in use before: 99.4 MB.
System memory in use after: 99.4 MB.

Unloading 12 unused Assets to reduce memory usage. Loaded Objects now: 2694.
Total: 2.339500 ms (FindLiveObjects: 0.246900 ms CreateObjectMapping: 0.048800 ms MarkObjects: 1.931500 ms  DeleteObjects: 0.111300 ms)

========================================================================
Received Import Request.
  Time since last request: 4.063564 seconds.
  path: Assets/Art/TutorialArt/PlayerJump.anim
  artifactKey: Guid(005bb9ce8d310314cb9408f5ea66829d) Importer(815301076,1909f56bfc062723c751e8b465ee728b)
Start importing Assets/Art/TutorialArt/PlayerJump.anim using Guid(005bb9ce8d310314cb9408f5ea66829d) Importer(815301076,1909f56bfc062723c751e8b465ee728b)  -> (artifact id: 'fc8dc311ba18fd212f83911b6c2443ac') in 0.012064 seconds
  Import took 0.015261 seconds .

========================================================================
Received Prepare
Registering precompiled user dll's ...
Registered in 0.000859 seconds.
Begin MonoManager ReloadAssembly
Native extension for WindowsStandalone target not found
Refreshing native plugins compatible for Editor in 0.47 ms, found 1 plugins.
Preloading 0 native plugins for Editor in 0.00 ms.
Mono: successfully reloaded assembly
- Completed reload, in  0.752 seconds
Platform modules already initialized, skipping
Refreshing native plugins compatible for Editor in 0.48 ms, found 1 plugins.
Preloading 0 native plugins for Editor in 0.00 ms.
Unloading 2110 Unused Serialized files (Serialized files now loaded: 0)
System memory in use before: 99.4 MB.
System memory in use after: 99.4 MB.

Unloading 12 unused Assets to reduce memory usage. Loaded Objects now: 2698.
Total: 2.599700 ms (FindLiveObjects: 0.289500 ms CreateObjectMapping: 0.050900 ms MarkObjects: 2.129900 ms  DeleteObjects: 0.128100 ms)

========================================================================
Received Prepare
Registering precompiled user dll's ...
Registered in 0.000899 seconds.
Begin MonoManager ReloadAssembly
Native extension for WindowsStandalone target not found
Refreshing native plugins compatible for Editor in 0.45 ms, found 1 plugins.
Preloading 0 native plugins for Editor in 0.00 ms.
Mono: successfully reloaded assembly
- Completed reload, in  0.741 seconds
Platform modules already initialized, skipping
Refreshing native plugins compatible for Editor in 0.56 ms, found 1 plugins.
Preloading 0 native plugins for Editor in 0.00 ms.
Unloading 2110 Unused Serialized files (Serialized files now loaded: 0)
System memory in use before: 99.4 MB.
System memory in use after: 99.4 MB.

Unloading 12 unused Assets to reduce memory usage. Loaded Objects now: 2702.
Total: 2.572800 ms (FindLiveObjects: 0.292700 ms CreateObjectMapping: 0.050700 ms MarkObjects: 2.103400 ms  DeleteObjects: 0.124400 ms)

========================================================================
Received Import Request.
  Time since last request: 76.654390 seconds.
  path: Assets/Art/TutorialArt/Dove.controller
  artifactKey: Guid(ff25fb2f5ae03c941a6876a13564d0d5) Importer(815301076,1909f56bfc062723c751e8b465ee728b)
Start importing Assets/Art/TutorialArt/Dove.controller using Guid(ff25fb2f5ae03c941a6876a13564d0d5) Importer(815301076,1909f56bfc062723c751e8b465ee728b)  -> (artifact id: 'd1bc48fb978c95b3ae6ff8407b924694') in 0.013713 seconds
  Import took 0.017259 seconds .

========================================================================
Received Prepare
Registering precompiled user dll's ...
Registered in 0.001147 seconds.
Begin MonoManager ReloadAssembly
Native extension for WindowsStandalone target not found
Refreshing native plugins compatible for Editor in 0.48 ms, found 1 plugins.
Preloading 0 native plugins for Editor in 0.00 ms.
Mono: successfully reloaded assembly
- Completed reload, in  0.866 seconds
Platform modules already initialized, skipping
Refreshing native plugins compatible for Editor in 0.52 ms, found 1 plugins.
Preloading 0 native plugins for Editor in 0.00 ms.
Unloading 2110 Unused Serialized files (Serialized files now loaded: 0)
System memory in use before: 99.4 MB.
System memory in use after: 99.4 MB.

Unloading 12 unused Assets to reduce memory usage. Loaded Objects now: 2706.
Total: 3.782200 ms (FindLiveObjects: 0.373900 ms CreateObjectMapping: 0.060500 ms MarkObjects: 3.169200 ms  DeleteObjects: 0.176600 ms)

========================================================================
Received Prepare
Registering precompiled user dll's ...
Registered in 0.000930 seconds.
Begin MonoManager ReloadAssembly
Native extension for WindowsStandalone target not found
Refreshing native plugins compatible for Editor in 0.55 ms, found 1 plugins.
Preloading 0 native plugins for Editor in 0.00 ms.
Mono: successfully reloaded assembly
- Completed reload, in  0.928 seconds
Platform modules already initialized, skipping
Refreshing native plugins compatible for Editor in 0.53 ms, found 1 plugins.
Preloading 0 native plugins for Editor in 0.00 ms.
Unloading 2110 Unused Serialized files (Serialized files now loaded: 0)
System memory in use before: 99.4 MB.
System memory in use after: 99.4 MB.

Unloading 12 unused Assets to reduce memory usage. Loaded Objects now: 2710.
Total: 2.711600 ms (FindLiveObjects: 0.419300 ms CreateObjectMapping: 0.067600 ms MarkObjects: 2.057800 ms  DeleteObjects: 0.164500 ms)

========================================================================
Received Prepare
Registering precompiled user dll's ...
Registered in 0.001074 seconds.
Begin MonoManager ReloadAssembly
Native extension for WindowsStandalone target not found
Refreshing native plugins compatible for Editor in 0.52 ms, found 1 plugins.
Preloading 0 native plugins for Editor in 0.00 ms.
Mono: successfully reloaded assembly
- Completed reload, in  0.832 seconds
Platform modules already initialized, skipping
Refreshing native plugins compatible for Editor in 0.48 ms, found 1 plugins.
Preloading 0 native plugins for Editor in 0.00 ms.
Unloading 2110 Unused Serialized files (Serialized files now loaded: 0)
System memory in use before: 99.4 MB.
System memory in use after: 99.4 MB.

Unloading 12 unused Assets to reduce memory usage. Loaded Objects now: 2714.
Total: 2.334500 ms (FindLiveObjects: 0.263100 ms CreateObjectMapping: 0.049800 ms MarkObjects: 1.906700 ms  DeleteObjects: 0.113700 ms)

========================================================================
Received Prepare
Registering precompiled user dll's ...
Registered in 0.001054 seconds.
Begin MonoManager ReloadAssembly
Native extension for WindowsStandalone target not found
Refreshing native plugins compatible for Editor in 0.47 ms, found 1 plugins.
Preloading 0 native plugins for Editor in 0.00 ms.
Mono: successfully reloaded assembly
- Completed reload, in  0.748 seconds
Platform modules already initialized, skipping
Refreshing native plugins compatible for Editor in 0.55 ms, found 1 plugins.
Preloading 0 native plugins for Editor in 0.00 ms.
Unloading 2110 Unused Serialized files (Serialized files now loaded: 0)
System memory in use before: 99.5 MB.
System memory in use after: 99.5 MB.

Unloading 12 unused Assets to reduce memory usage. Loaded Objects now: 2718.
Total: 2.578400 ms (FindLiveObjects: 0.310700 ms CreateObjectMapping: 0.053800 ms MarkObjects: 2.087700 ms  DeleteObjects: 0.124700 ms)

========================================================================
Received Prepare
Registering precompiled user dll's ...
Registered in 0.001314 seconds.
Begin MonoManager ReloadAssembly
Native extension for WindowsStandalone target not found
Refreshing native plugins compatible for Editor in 0.65 ms, found 1 plugins.
Preloading 0 native plugins for Editor in 0.00 ms.
Mono: successfully reloaded assembly
- Completed reload, in  0.853 seconds
Platform modules already initialized, skipping
Refreshing native plugins compatible for Editor in 0.81 ms, found 1 plugins.
Preloading 0 native plugins for Editor in 0.00 ms.
Unloading 2110 Unused Serialized files (Serialized files now loaded: 0)
System memory in use before: 99.5 MB.
System memory in use after: 99.5 MB.

Unloading 12 unused Assets to reduce memory usage. Loaded Objects now: 2722.
Total: 3.000500 ms (FindLiveObjects: 0.377700 ms CreateObjectMapping: 0.051800 ms MarkObjects: 2.437500 ms  DeleteObjects: 0.131100 ms)

========================================================================
Received Prepare
Registering precompiled user dll's ...
Registered in 0.001418 seconds.
Begin MonoManager ReloadAssembly
Native extension for WindowsStandalone target not found
Refreshing native plugins compatible for Editor in 0.47 ms, found 1 plugins.
Preloading 0 native plugins for Editor in 0.00 ms.
Mono: successfully reloaded assembly
- Completed reload, in  0.854 seconds
Platform modules already initialized, skipping
Refreshing native plugins compatible for Editor in 0.76 ms, found 1 plugins.
Preloading 0 native plugins for Editor in 0.00 ms.
Unloading 2110 Unused Serialized files (Serialized files now loaded: 0)
System memory in use before: 99.6 MB.
System memory in use after: 99.6 MB.

Unloading 12 unused Assets to reduce memory usage. Loaded Objects now: 2726.
Total: 2.994700 ms (FindLiveObjects: 0.405100 ms CreateObjectMapping: 0.059200 ms MarkObjects: 2.393200 ms  DeleteObjects: 0.135600 ms)

========================================================================
Received Prepare
Registering precompiled user dll's ...
Registered in 0.000992 seconds.
Begin MonoManager ReloadAssembly
Native extension for WindowsStandalone target not found
Refreshing native plugins compatible for Editor in 0.49 ms, found 1 plugins.
Preloading 0 native plugins for Editor in 0.00 ms.
Mono: successfully reloaded assembly
- Completed reload, in  0.764 seconds
Platform modules already initialized, skipping
Refreshing native plugins compatible for Editor in 0.50 ms, found 1 plugins.
Preloading 0 native plugins for Editor in 0.00 ms.
Unloading 2110 Unused Serialized files (Serialized files now loaded: 0)
System memory in use before: 99.6 MB.
System memory in use after: 99.6 MB.

Unloading 12 unused Assets to reduce memory usage. Loaded Objects now: 2730.
Total: 3.107900 ms (FindLiveObjects: 0.394500 ms CreateObjectMapping: 0.079300 ms MarkObjects: 2.494700 ms  DeleteObjects: 0.137200 ms)

========================================================================
Received Prepare
Registering precompiled user dll's ...
Registered in 0.001215 seconds.
Begin MonoManager ReloadAssembly
Native extension for WindowsStandalone target not found
Refreshing native plugins compatible for Editor in 0.49 ms, found 1 plugins.
Preloading 0 native plugins for Editor in 0.00 ms.
Mono: successfully reloaded assembly
- Completed reload, in  0.759 seconds
Platform modules already initialized, skipping
Refreshing native plugins compatible for Editor in 0.65 ms, found 1 plugins.
Preloading 0 native plugins for Editor in 0.00 ms.
Unloading 2110 Unused Serialized files (Serialized files now loaded: 0)
System memory in use before: 99.6 MB.
System memory in use after: 99.7 MB.

Unloading 12 unused Assets to reduce memory usage. Loaded Objects now: 2734.
Total: 2.391800 ms (FindLiveObjects: 0.312300 ms CreateObjectMapping: 0.055600 ms MarkObjects: 1.902200 ms  DeleteObjects: 0.120600 ms)

========================================================================
Received Prepare
Registering precompiled user dll's ...
Registered in 0.001208 seconds.
Begin MonoManager ReloadAssembly
Native extension for WindowsStandalone target not found
Refreshing native plugins compatible for Editor in 0.48 ms, found 1 plugins.
Preloading 0 native plugins for Editor in 0.00 ms.
Mono: successfully reloaded assembly
- Completed reload, in  0.769 seconds
Platform modules already initialized, skipping
Refreshing native plugins compatible for Editor in 0.51 ms, found 1 plugins.
Preloading 0 native plugins for Editor in 0.00 ms.
Unloading 2110 Unused Serialized files (Serialized files now loaded: 0)
System memory in use before: 99.6 MB.
System memory in use after: 99.7 MB.

Unloading 12 unused Assets to reduce memory usage. Loaded Objects now: 2738.
Total: 2.811900 ms (FindLiveObjects: 0.430300 ms CreateObjectMapping: 0.073400 ms MarkObjects: 2.161900 ms  DeleteObjects: 0.145000 ms)

========================================================================
Received Prepare
Registering precompiled user dll's ...
Registered in 0.001017 seconds.
Begin MonoManager ReloadAssembly
Native extension for WindowsStandalone target not found
Refreshing native plugins compatible for Editor in 0.48 ms, found 1 plugins.
Preloading 0 native plugins for Editor in 0.00 ms.
Mono: successfully reloaded assembly
- Completed reload, in  0.758 seconds
Platform modules already initialized, skipping
Refreshing native plugins compatible for Editor in 0.58 ms, found 1 plugins.
Preloading 0 native plugins for Editor in 0.00 ms.
Unloading 2110 Unused Serialized files (Serialized files now loaded: 0)
System memory in use before: 99.6 MB.
System memory in use after: 99.7 MB.

Unloading 12 unused Assets to reduce memory usage. Loaded Objects now: 2742.
Total: 2.929800 ms (FindLiveObjects: 0.402200 ms CreateObjectMapping: 0.056400 ms MarkObjects: 2.344700 ms  DeleteObjects: 0.125100 ms)

========================================================================
Received Prepare
Registering precompiled user dll's ...
Registered in 0.001289 seconds.
Begin MonoManager ReloadAssembly
Native extension for WindowsStandalone target not found
Refreshing native plugins compatible for Editor in 0.51 ms, found 1 plugins.
Preloading 0 native plugins for Editor in 0.00 ms.
Mono: successfully reloaded assembly
- Completed reload, in  0.924 seconds
Platform modules already initialized, skipping
Refreshing native plugins compatible for Editor in 0.54 ms, found 1 plugins.
Preloading 0 native plugins for Editor in 0.00 ms.
Unloading 2110 Unused Serialized files (Serialized files now loaded: 0)
System memory in use before: 99.6 MB.
System memory in use after: 99.7 MB.

Unloading 12 unused Assets to reduce memory usage. Loaded Objects now: 2746.
Total: 2.691600 ms (FindLiveObjects: 0.303300 ms CreateObjectMapping: 0.053700 ms MarkObjects: 2.196800 ms  DeleteObjects: 0.136300 ms)

========================================================================
Received Prepare
Registering precompiled user dll's ...
Registered in 0.001150 seconds.
Begin MonoManager ReloadAssembly
Native extension for WindowsStandalone target not found
Refreshing native plugins compatible for Editor in 0.72 ms, found 1 plugins.
Preloading 0 native plugins for Editor in 0.00 ms.
Mono: successfully reloaded assembly
- Completed reload, in  0.933 seconds
Platform modules already initialized, skipping
Refreshing native plugins compatible for Editor in 0.48 ms, found 1 plugins.
Preloading 0 native plugins for Editor in 0.00 ms.
Unloading 2110 Unused Serialized files (Serialized files now loaded: 0)
System memory in use before: 99.6 MB.
System memory in use after: 99.7 MB.

Unloading 12 unused Assets to reduce memory usage. Loaded Objects now: 2750.
Total: 2.784600 ms (FindLiveObjects: 0.468400 ms CreateObjectMapping: 0.080500 ms MarkObjects: 2.114500 ms  DeleteObjects: 0.120000 ms)

========================================================================
Received Prepare
Registering precompiled user dll's ...
Registered in 0.001480 seconds.
Begin MonoManager ReloadAssembly
Native extension for WindowsStandalone target not found
Refreshing native plugins compatible for Editor in 0.68 ms, found 1 plugins.
Preloading 0 native plugins for Editor in 0.00 ms.
Mono: successfully reloaded assembly
- Completed reload, in  0.792 seconds
Platform modules already initialized, skipping
Refreshing native plugins compatible for Editor in 0.46 ms, found 1 plugins.
Preloading 0 native plugins for Editor in 0.00 ms.
Unloading 2110 Unused Serialized files (Serialized files now loaded: 0)
System memory in use before: 99.6 MB.
System memory in use after: 99.7 MB.

Unloading 12 unused Assets to reduce memory usage. Loaded Objects now: 2754.
Total: 2.227200 ms (FindLiveObjects: 0.293200 ms CreateObjectMapping: 0.055400 ms MarkObjects: 1.760000 ms  DeleteObjects: 0.116700 ms)

========================================================================
Received Prepare
Registering precompiled user dll's ...
Registered in 0.001218 seconds.
Begin MonoManager ReloadAssembly
Native extension for WindowsStandalone target not found
Refreshing native plugins compatible for Editor in 0.46 ms, found 1 plugins.
Preloading 0 native plugins for Editor in 0.00 ms.
Mono: successfully reloaded assembly
- Completed reload, in  0.751 seconds
Platform modules already initialized, skipping
Refreshing native plugins compatible for Editor in 0.54 ms, found 1 plugins.
Preloading 0 native plugins for Editor in 0.00 ms.
Unloading 2110 Unused Serialized files (Serialized files now loaded: 0)
System memory in use before: 99.6 MB.
System memory in use after: 99.7 MB.

Unloading 12 unused Assets to reduce memory usage. Loaded Objects now: 2758.
Total: 2.728900 ms (FindLiveObjects: 0.322600 ms CreateObjectMapping: 0.058400 ms MarkObjects: 2.180300 ms  DeleteObjects: 0.165800 ms)

========================================================================
Received Prepare
Registering precompiled user dll's ...
Registered in 0.000962 seconds.
Begin MonoManager ReloadAssembly
Native extension for WindowsStandalone target not found
Refreshing native plugins compatible for Editor in 0.50 ms, found 1 plugins.
Preloading 0 native plugins for Editor in 0.00 ms.
Mono: successfully reloaded assembly
- Completed reload, in  0.758 seconds
Platform modules already initialized, skipping
Refreshing native plugins compatible for Editor in 0.71 ms, found 1 plugins.
Preloading 0 native plugins for Editor in 0.00 ms.
Unloading 2110 Unused Serialized files (Serialized files now loaded: 0)
System memory in use before: 99.6 MB.
System memory in use after: 99.7 MB.

Unloading 12 unused Assets to reduce memory usage. Loaded Objects now: 2762.
Total: 2.829900 ms (FindLiveObjects: 0.320700 ms CreateObjectMapping: 0.056400 ms MarkObjects: 2.179500 ms  DeleteObjects: 0.271200 ms)

========================================================================
Received Prepare
Registering precompiled user dll's ...
Registered in 0.000936 seconds.
Begin MonoManager ReloadAssembly
Native extension for WindowsStandalone target not found
Refreshing native plugins compatible for Editor in 0.46 ms, found 1 plugins.
Preloading 0 native plugins for Editor in 0.00 ms.
Mono: successfully reloaded assembly
- Completed reload, in  0.753 seconds
Platform modules already initialized, skipping
Refreshing native plugins compatible for Editor in 0.48 ms, found 1 plugins.
Preloading 0 native plugins for Editor in 0.00 ms.
Unloading 2110 Unused Serialized files (Serialized files now loaded: 0)
System memory in use before: 99.7 MB.
System memory in use after: 99.7 MB.

Unloading 12 unused Assets to reduce memory usage. Loaded Objects now: 2766.
Total: 2.804200 ms (FindLiveObjects: 0.305500 ms CreateObjectMapping: 0.059400 ms MarkObjects: 2.304900 ms  DeleteObjects: 0.132900 ms)

========================================================================
Received Prepare
Registering precompiled user dll's ...
Registered in 0.001129 seconds.
Begin MonoManager ReloadAssembly
Native extension for WindowsStandalone target not found
Refreshing native plugins compatible for Editor in 0.57 ms, found 1 plugins.
Preloading 0 native plugins for Editor in 0.00 ms.
Mono: successfully reloaded assembly
- Completed reload, in  0.847 seconds
Platform modules already initialized, skipping
Refreshing native plugins compatible for Editor in 0.68 ms, found 1 plugins.
Preloading 0 native plugins for Editor in 0.00 ms.
Unloading 2110 Unused Serialized files (Serialized files now loaded: 0)
System memory in use before: 99.7 MB.
System memory in use after: 99.7 MB.

Unloading 12 unused Assets to reduce memory usage. Loaded Objects now: 2770.
Total: 2.870400 ms (FindLiveObjects: 0.346100 ms CreateObjectMapping: 0.056100 ms MarkObjects: 2.306100 ms  DeleteObjects: 0.159900 ms)

========================================================================
Received Prepare
Registering precompiled user dll's ...
Registered in 0.001007 seconds.
Begin MonoManager ReloadAssembly
Native extension for WindowsStandalone target not found
Refreshing native plugins compatible for Editor in 0.63 ms, found 1 plugins.
Preloading 0 native plugins for Editor in 0.00 ms.
Mono: successfully reloaded assembly
- Completed reload, in  0.889 seconds
Platform modules already initialized, skipping
Refreshing native plugins compatible for Editor in 0.66 ms, found 1 plugins.
Preloading 0 native plugins for Editor in 0.00 ms.
Unloading 2110 Unused Serialized files (Serialized files now loaded: 0)
System memory in use before: 99.7 MB.
System memory in use after: 99.8 MB.

Unloading 12 unused Assets to reduce memory usage. Loaded Objects now: 2774.
Total: 3.032700 ms (FindLiveObjects: 0.441200 ms CreateObjectMapping: 0.074100 ms MarkObjects: 2.375900 ms  DeleteObjects: 0.139700 ms)

========================================================================
Received Prepare
Registering precompiled user dll's ...
Registered in 0.001407 seconds.
Begin MonoManager ReloadAssembly
Native extension for WindowsStandalone target not found
Refreshing native plugins compatible for Editor in 0.61 ms, found 1 plugins.
Preloading 0 native plugins for Editor in 0.00 ms.
Mono: successfully reloaded assembly
- Completed reload, in  0.843 seconds
Platform modules already initialized, skipping
Refreshing native plugins compatible for Editor in 0.62 ms, found 1 plugins.
Preloading 0 native plugins for Editor in 0.00 ms.
Unloading 2110 Unused Serialized files (Serialized files now loaded: 0)
System memory in use before: 99.7 MB.
System memory in use after: 99.8 MB.

Unloading 12 unused Assets to reduce memory usage. Loaded Objects now: 2778.
Total: 2.703100 ms (FindLiveObjects: 0.339900 ms CreateObjectMapping: 0.059200 ms MarkObjects: 2.138100 ms  DeleteObjects: 0.164100 ms)

========================================================================
Received Prepare
Registering precompiled user dll's ...
Registered in 0.000976 seconds.
Begin MonoManager ReloadAssembly
Native extension for WindowsStandalone target not found
Refreshing native plugins compatible for Editor in 0.46 ms, found 1 plugins.
Preloading 0 native plugins for Editor in 0.00 ms.
Mono: successfully reloaded assembly
- Completed reload, in  0.770 seconds
Platform modules already initialized, skipping
Refreshing native plugins compatible for Editor in 0.49 ms, found 1 plugins.
Preloading 0 native plugins for Editor in 0.00 ms.
Unloading 2110 Unused Serialized files (Serialized files now loaded: 0)
System memory in use before: 99.7 MB.
System memory in use after: 99.8 MB.

Unloading 12 unused Assets to reduce memory usage. Loaded Objects now: 2782.
Total: 2.648200 ms (FindLiveObjects: 0.296900 ms CreateObjectMapping: 0.056300 ms MarkObjects: 2.146500 ms  DeleteObjects: 0.147100 ms)

========================================================================
Received Prepare
Registering precompiled user dll's ...
Registered in 0.001176 seconds.
Begin MonoManager ReloadAssembly
Native extension for WindowsStandalone target not found
Refreshing native plugins compatible for Editor in 0.67 ms, found 1 plugins.
Preloading 0 native plugins for Editor in 0.00 ms.
Mono: successfully reloaded assembly
- Completed reload, in  0.870 seconds
Platform modules already initialized, skipping
Refreshing native plugins compatible for Editor in 0.55 ms, found 1 plugins.
Preloading 0 native plugins for Editor in 0.00 ms.
Unloading 2110 Unused Serialized files (Serialized files now loaded: 0)
System memory in use before: 99.7 MB.
System memory in use after: 99.8 MB.

Unloading 12 unused Assets to reduce memory usage. Loaded Objects now: 2786.
Total: 3.799300 ms (FindLiveObjects: 0.496800 ms CreateObjectMapping: 0.067900 ms MarkObjects: 2.894700 ms  DeleteObjects: 0.337200 ms)

========================================================================
Received Prepare
Registering precompiled user dll's ...
Registered in 0.001060 seconds.
Begin MonoManager ReloadAssembly
Native extension for WindowsStandalone target not found
Refreshing native plugins compatible for Editor in 0.48 ms, found 1 plugins.
Preloading 0 native plugins for Editor in 0.00 ms.
Mono: successfully reloaded assembly
- Completed reload, in  0.985 seconds
Platform modules already initialized, skipping
Refreshing native plugins compatible for Editor in 0.48 ms, found 1 plugins.
Preloading 0 native plugins for Editor in 0.00 ms.
Unloading 2110 Unused Serialized files (Serialized files now loaded: 0)
System memory in use before: 99.7 MB.
System memory in use after: 99.8 MB.

Unloading 12 unused Assets to reduce memory usage. Loaded Objects now: 2790.
Total: 2.740500 ms (FindLiveObjects: 0.417700 ms CreateObjectMapping: 0.068600 ms MarkObjects: 2.117700 ms  DeleteObjects: 0.135000 ms)

========================================================================
Received Prepare
Registering precompiled user dll's ...
Registered in 0.000922 seconds.
Begin MonoManager ReloadAssembly
Native extension for WindowsStandalone target not found
Refreshing native plugins compatible for Editor in 0.55 ms, found 1 plugins.
Preloading 0 native plugins for Editor in 0.00 ms.
Mono: successfully reloaded assembly
- Completed reload, in  0.971 seconds
Platform modules already initialized, skipping
Refreshing native plugins compatible for Editor in 0.60 ms, found 1 plugins.
Preloading 0 native plugins for Editor in 0.00 ms.
Unloading 2110 Unused Serialized files (Serialized files now loaded: 0)
System memory in use before: 99.7 MB.
System memory in use after: 99.8 MB.

Unloading 12 unused Assets to reduce memory usage. Loaded Objects now: 2794.
Total: 2.866800 ms (FindLiveObjects: 0.427000 ms CreateObjectMapping: 0.066500 ms MarkObjects: 2.228300 ms  DeleteObjects: 0.143200 ms)

========================================================================
Received Prepare
Registering precompiled user dll's ...
Registered in 0.000914 seconds.
Begin MonoManager ReloadAssembly
Native extension for WindowsStandalone target not found
Refreshing native plugins compatible for Editor in 0.48 ms, found 1 plugins.
Preloading 0 native plugins for Editor in 0.00 ms.
Mono: successfully reloaded assembly
- Completed reload, in  0.880 seconds
Platform modules already initialized, skipping
Refreshing native plugins compatible for Editor in 0.50 ms, found 1 plugins.
Preloading 0 native plugins for Editor in 0.00 ms.
Unloading 2110 Unused Serialized files (Serialized files now loaded: 0)
System memory in use before: 99.7 MB.
System memory in use after: 99.8 MB.

Unloading 12 unused Assets to reduce memory usage. Loaded Objects now: 2798.
Total: 2.351600 ms (FindLiveObjects: 0.318500 ms CreateObjectMapping: 0.063800 ms MarkObjects: 1.832200 ms  DeleteObjects: 0.135800 ms)

========================================================================
Received Prepare
Registering precompiled user dll's ...
Registered in 0.001019 seconds.
Begin MonoManager ReloadAssembly
Native extension for WindowsStandalone target not found
Refreshing native plugins compatible for Editor in 0.59 ms, found 1 plugins.
Preloading 0 native plugins for Editor in 0.00 ms.
Mono: successfully reloaded assembly
- Completed reload, in  1.074 seconds
Platform modules already initialized, skipping
Refreshing native plugins compatible for Editor in 0.45 ms, found 1 plugins.
Preloading 0 native plugins for Editor in 0.00 ms.
Unloading 2110 Unused Serialized files (Serialized files now loaded: 0)
System memory in use before: 99.7 MB.
System memory in use after: 99.8 MB.

Unloading 12 unused Assets to reduce memory usage. Loaded Objects now: 2802.
Total: 3.432900 ms (FindLiveObjects: 0.384700 ms CreateObjectMapping: 0.067400 ms MarkObjects: 2.804500 ms  DeleteObjects: 0.174700 ms)

========================================================================
Received Prepare
Registering precompiled user dll's ...
Registered in 0.001324 seconds.
Begin MonoManager ReloadAssembly
Native extension for WindowsStandalone target not found
Refreshing native plugins compatible for Editor in 0.53 ms, found 1 plugins.
Preloading 0 native plugins for Editor in 0.00 ms.
Mono: successfully reloaded assembly
- Completed reload, in  0.898 seconds
Platform modules already initialized, skipping
Refreshing native plugins compatible for Editor in 0.60 ms, found 1 plugins.
Preloading 0 native plugins for Editor in 0.00 ms.
Unloading 2110 Unused Serialized files (Serialized files now loaded: 0)
System memory in use before: 99.8 MB.
System memory in use after: 99.8 MB.

Unloading 12 unused Assets to reduce memory usage. Loaded Objects now: 2806.
Total: 2.423500 ms (FindLiveObjects: 0.320200 ms CreateObjectMapping: 0.056800 ms MarkObjects: 1.913800 ms  DeleteObjects: 0.131300 ms)

========================================================================
Received Prepare
Registering precompiled user dll's ...
Registered in 0.001044 seconds.
Begin MonoManager ReloadAssembly
Native extension for WindowsStandalone target not found
Refreshing native plugins compatible for Editor in 0.48 ms, found 1 plugins.
Preloading 0 native plugins for Editor in 0.00 ms.
Mono: successfully reloaded assembly
- Completed reload, in  0.872 seconds
Platform modules already initialized, skipping
Refreshing native plugins compatible for Editor in 0.65 ms, found 1 plugins.
Preloading 0 native plugins for Editor in 0.00 ms.
Unloading 2110 Unused Serialized files (Serialized files now loaded: 0)
System memory in use before: 99.8 MB.
System memory in use after: 99.8 MB.

Unloading 12 unused Assets to reduce memory usage. Loaded Objects now: 2810.
Total: 3.420100 ms (FindLiveObjects: 0.358700 ms CreateObjectMapping: 0.054000 ms MarkObjects: 2.801800 ms  DeleteObjects: 0.203700 ms)

========================================================================
Received Prepare
Registering precompiled user dll's ...
Registered in 0.000992 seconds.
Begin MonoManager ReloadAssembly
Native extension for WindowsStandalone target not found
Refreshing native plugins compatible for Editor in 0.48 ms, found 1 plugins.
Preloading 0 native plugins for Editor in 0.00 ms.
Mono: successfully reloaded assembly
- Completed reload, in  0.864 seconds
Platform modules already initialized, skipping
Refreshing native plugins compatible for Editor in 0.56 ms, found 1 plugins.
Preloading 0 native plugins for Editor in 0.00 ms.
Unloading 2110 Unused Serialized files (Serialized files now loaded: 0)
System memory in use before: 99.8 MB.
System memory in use after: 99.9 MB.

Unloading 12 unused Assets to reduce memory usage. Loaded Objects now: 2814.
Total: 3.244300 ms (FindLiveObjects: 0.305800 ms CreateObjectMapping: 0.057000 ms MarkObjects: 2.735700 ms  DeleteObjects: 0.143800 ms)

========================================================================
Received Prepare
Registering precompiled user dll's ...
Registered in 0.001007 seconds.
Begin MonoManager ReloadAssembly
Native extension for WindowsStandalone target not found
Refreshing native plugins compatible for Editor in 0.47 ms, found 1 plugins.
Preloading 0 native plugins for Editor in 0.00 ms.
Mono: successfully reloaded assembly
- Completed reload, in  0.758 seconds
Platform modules already initialized, skipping
Refreshing native plugins compatible for Editor in 0.57 ms, found 1 plugins.
Preloading 0 native plugins for Editor in 0.00 ms.
Unloading 2110 Unused Serialized files (Serialized files now loaded: 0)
System memory in use before: 99.8 MB.
System memory in use after: 99.9 MB.

Unloading 12 unused Assets to reduce memory usage. Loaded Objects now: 2818.
Total: 2.541700 ms (FindLiveObjects: 0.339500 ms CreateObjectMapping: 0.057700 ms MarkObjects: 2.006800 ms  DeleteObjects: 0.135800 ms)

========================================================================
Received Prepare
Registering precompiled user dll's ...
Registered in 0.001023 seconds.
Begin MonoManager ReloadAssembly
Native extension for WindowsStandalone target not found
Refreshing native plugins compatible for Editor in 0.47 ms, found 1 plugins.
Preloading 0 native plugins for Editor in 0.00 ms.
Mono: successfully reloaded assembly
- Completed reload, in  0.760 seconds
Platform modules already initialized, skipping
Refreshing native plugins compatible for Editor in 0.52 ms, found 1 plugins.
Preloading 0 native plugins for Editor in 0.00 ms.
Unloading 2110 Unused Serialized files (Serialized files now loaded: 0)
System memory in use before: 99.8 MB.
System memory in use after: 99.9 MB.

Unloading 12 unused Assets to reduce memory usage. Loaded Objects now: 2822.
Total: 2.904600 ms (FindLiveObjects: 0.355600 ms CreateObjectMapping: 0.073400 ms MarkObjects: 2.302000 ms  DeleteObjects: 0.172100 ms)

========================================================================
Received Prepare
Registering precompiled user dll's ...
Registered in 0.001116 seconds.
Begin MonoManager ReloadAssembly
Native extension for WindowsStandalone target not found
Refreshing native plugins compatible for Editor in 0.46 ms, found 1 plugins.
Preloading 0 native plugins for Editor in 0.00 ms.
Mono: successfully reloaded assembly
- Completed reload, in  0.763 seconds
Platform modules already initialized, skipping
Refreshing native plugins compatible for Editor in 0.49 ms, found 1 plugins.
Preloading 0 native plugins for Editor in 0.00 ms.
Unloading 2110 Unused Serialized files (Serialized files now loaded: 0)
System memory in use before: 99.8 MB.
System memory in use after: 99.9 MB.

Unloading 12 unused Assets to reduce memory usage. Loaded Objects now: 2826.
Total: 2.317300 ms (FindLiveObjects: 0.300800 ms CreateObjectMapping: 0.062100 ms MarkObjects: 1.827200 ms  DeleteObjects: 0.125900 ms)

========================================================================
Received Prepare
Registering precompiled user dll's ...
Registered in 0.000894 seconds.
Begin MonoManager ReloadAssembly
Native extension for WindowsStandalone target not found
Refreshing native plugins compatible for Editor in 0.68 ms, found 1 plugins.
Preloading 0 native plugins for Editor in 0.00 ms.
Mono: successfully reloaded assembly
- Completed reload, in  0.758 seconds
Platform modules already initialized, skipping
Refreshing native plugins compatible for Editor in 0.58 ms, found 1 plugins.
Preloading 0 native plugins for Editor in 0.00 ms.
Unloading 2110 Unused Serialized files (Serialized files now loaded: 0)
System memory in use before: 99.8 MB.
System memory in use after: 99.9 MB.

Unloading 12 unused Assets to reduce memory usage. Loaded Objects now: 2830.
Total: 3.049300 ms (FindLiveObjects: 0.339800 ms CreateObjectMapping: 0.063600 ms MarkObjects: 2.515000 ms  DeleteObjects: 0.129500 ms)

========================================================================
Received Prepare
Registering precompiled user dll's ...
Registered in 0.000949 seconds.
Begin MonoManager ReloadAssembly
Native extension for WindowsStandalone target not found
Refreshing native plugins compatible for Editor in 0.50 ms, found 1 plugins.
Preloading 0 native plugins for Editor in 0.00 ms.
Mono: successfully reloaded assembly
- Completed reload, in  0.757 seconds
Platform modules already initialized, skipping
Refreshing native plugins compatible for Editor in 0.49 ms, found 1 plugins.
Preloading 0 native plugins for Editor in 0.00 ms.
Unloading 2110 Unused Serialized files (Serialized files now loaded: 0)
System memory in use before: 99.8 MB.
System memory in use after: 99.9 MB.

Unloading 12 unused Assets to reduce memory usage. Loaded Objects now: 2834.
Total: 3.436900 ms (FindLiveObjects: 0.365100 ms CreateObjectMapping: 0.180400 ms MarkObjects: 2.742200 ms  DeleteObjects: 0.147300 ms)

========================================================================
Received Prepare
Registering precompiled user dll's ...
Registered in 0.001106 seconds.
Begin MonoManager ReloadAssembly
Native extension for WindowsStandalone target not found
Refreshing native plugins compatible for Editor in 0.46 ms, found 1 plugins.
Preloading 0 native plugins for Editor in 0.00 ms.
Mono: successfully reloaded assembly
- Completed reload, in  0.783 seconds
Platform modules already initialized, skipping
Refreshing native plugins compatible for Editor in 0.57 ms, found 1 plugins.
Preloading 0 native plugins for Editor in 0.00 ms.
Unloading 2110 Unused Serialized files (Serialized files now loaded: 0)
System memory in use before: 99.8 MB.
System memory in use after: 99.9 MB.

Unloading 12 unused Assets to reduce memory usage. Loaded Objects now: 2838.
Total: 2.526200 ms (FindLiveObjects: 0.335600 ms CreateObjectMapping: 0.059200 ms MarkObjects: 2.009100 ms  DeleteObjects: 0.121100 ms)

========================================================================
Received Prepare
Registering precompiled user dll's ...
Registered in 0.001010 seconds.
Begin MonoManager ReloadAssembly
Native extension for WindowsStandalone target not found
Refreshing native plugins compatible for Editor in 0.47 ms, found 1 plugins.
Preloading 0 native plugins for Editor in 0.00 ms.
Mono: successfully reloaded assembly
- Completed reload, in  0.766 seconds
Platform modules already initialized, skipping
Refreshing native plugins compatible for Editor in 0.47 ms, found 1 plugins.
Preloading 0 native plugins for Editor in 0.00 ms.
Unloading 2110 Unused Serialized files (Serialized files now loaded: 0)
System memory in use before: 99.8 MB.
System memory in use after: 99.9 MB.

Unloading 12 unused Assets to reduce memory usage. Loaded Objects now: 2842.
Total: 2.724200 ms (FindLiveObjects: 0.337600 ms CreateObjectMapping: 0.058400 ms MarkObjects: 2.192700 ms  DeleteObjects: 0.133700 ms)

========================================================================
Received Prepare
Registering precompiled user dll's ...
Registered in 0.001069 seconds.
Begin MonoManager ReloadAssembly
Native extension for WindowsStandalone target not found
Refreshing native plugins compatible for Editor in 0.52 ms, found 1 plugins.
Preloading 0 native plugins for Editor in 0.00 ms.
Mono: successfully reloaded assembly
- Completed reload, in  0.879 seconds
Platform modules already initialized, skipping
Refreshing native plugins compatible for Editor in 0.49 ms, found 1 plugins.
Preloading 0 native plugins for Editor in 0.00 ms.
Unloading 2110 Unused Serialized files (Serialized files now loaded: 0)
System memory in use before: 99.9 MB.
System memory in use after: 99.9 MB.

Unloading 12 unused Assets to reduce memory usage. Loaded Objects now: 2846.
Total: 3.070800 ms (FindLiveObjects: 0.399500 ms CreateObjectMapping: 0.062400 ms MarkObjects: 2.436000 ms  DeleteObjects: 0.170700 ms)

========================================================================
Received Prepare
Registering precompiled user dll's ...
Registered in 0.001365 seconds.
Begin MonoManager ReloadAssembly
Native extension for WindowsStandalone target not found
Refreshing native plugins compatible for Editor in 0.51 ms, found 1 plugins.
Preloading 0 native plugins for Editor in 0.00 ms.
Mono: successfully reloaded assembly
- Completed reload, in  0.897 seconds
Platform modules already initialized, skipping
Refreshing native plugins compatible for Editor in 0.87 ms, found 1 plugins.
Preloading 0 native plugins for Editor in 0.00 ms.
Unloading 2110 Unused Serialized files (Serialized files now loaded: 0)
System memory in use before: 99.9 MB.
System memory in use after: 99.9 MB.

Unloading 12 unused Assets to reduce memory usage. Loaded Objects now: 2850.
Total: 2.750600 ms (FindLiveObjects: 0.354200 ms CreateObjectMapping: 0.062100 ms MarkObjects: 2.187400 ms  DeleteObjects: 0.144900 ms)

========================================================================
Received Prepare
Registering precompiled user dll's ...
Registered in 0.001098 seconds.
Begin MonoManager ReloadAssembly
Native extension for WindowsStandalone target not found
Refreshing native plugins compatible for Editor in 0.51 ms, found 1 plugins.
Preloading 0 native plugins for Editor in 0.00 ms.
Mono: successfully reloaded assembly
- Completed reload, in  0.913 seconds
Platform modules already initialized, skipping
Refreshing native plugins compatible for Editor in 0.94 ms, found 1 plugins.
Preloading 0 native plugins for Editor in 0.00 ms.
Unloading 2110 Unused Serialized files (Serialized files now loaded: 0)
System memory in use before: 100.0 MB.
System memory in use after: 100.0 MB.

Unloading 12 unused Assets to reduce memory usage. Loaded Objects now: 2854.
Total: 3.495100 ms (FindLiveObjects: 0.365800 ms CreateObjectMapping: 0.066100 ms MarkObjects: 2.881900 ms  DeleteObjects: 0.179500 ms)

========================================================================
Received Prepare
Registering precompiled user dll's ...
Registered in 0.001118 seconds.
Begin MonoManager ReloadAssembly
Native extension for WindowsStandalone target not found
Refreshing native plugins compatible for Editor in 0.47 ms, found 1 plugins.
Preloading 0 native plugins for Editor in 0.00 ms.
Mono: successfully reloaded assembly
- Completed reload, in  0.799 seconds
Platform modules already initialized, skipping
Refreshing native plugins compatible for Editor in 0.56 ms, found 1 plugins.
Preloading 0 native plugins for Editor in 0.00 ms.
Unloading 2110 Unused Serialized files (Serialized files now loaded: 0)
System memory in use before: 100.0 MB.
System memory in use after: 100.0 MB.

Unloading 12 unused Assets to reduce memory usage. Loaded Objects now: 2858.
Total: 2.873100 ms (FindLiveObjects: 0.334900 ms CreateObjectMapping: 0.053900 ms MarkObjects: 2.351300 ms  DeleteObjects: 0.131300 ms)

========================================================================
Received Prepare
Registering precompiled user dll's ...
Registered in 0.001317 seconds.
Begin MonoManager ReloadAssembly
Native extension for WindowsStandalone target not found
Refreshing native plugins compatible for Editor in 0.50 ms, found 1 plugins.
Preloading 0 native plugins for Editor in 0.00 ms.
Mono: successfully reloaded assembly
- Completed reload, in  0.756 seconds
Platform modules already initialized, skipping
Refreshing native plugins compatible for Editor in 0.55 ms, found 1 plugins.
Preloading 0 native plugins for Editor in 0.00 ms.
Unloading 2110 Unused Serialized files (Serialized files now loaded: 0)
System memory in use before: 100.0 MB.
System memory in use after: 100.1 MB.

Unloading 12 unused Assets to reduce memory usage. Loaded Objects now: 2862.
Total: 2.888600 ms (FindLiveObjects: 0.307100 ms CreateObjectMapping: 0.053500 ms MarkObjects: 2.390000 ms  DeleteObjects: 0.136100 ms)

========================================================================
Received Prepare
Registering precompiled user dll's ...
Registered in 0.001076 seconds.
Begin MonoManager ReloadAssembly
Native extension for WindowsStandalone target not found
Refreshing native plugins compatible for Editor in 0.55 ms, found 1 plugins.
Preloading 0 native plugins for Editor in 0.00 ms.
Mono: successfully reloaded assembly
- Completed reload, in  0.769 seconds
Platform modules already initialized, skipping
Refreshing native plugins compatible for Editor in 0.50 ms, found 1 plugins.
Preloading 0 native plugins for Editor in 0.00 ms.
Unloading 2110 Unused Serialized files (Serialized files now loaded: 0)
System memory in use before: 100.0 MB.
System memory in use after: 100.1 MB.

Unloading 12 unused Assets to reduce memory usage. Loaded Objects now: 2866.
Total: 2.792800 ms (FindLiveObjects: 0.445100 ms CreateObjectMapping: 0.062300 ms MarkObjects: 2.150800 ms  DeleteObjects: 0.132800 ms)

========================================================================
Received Prepare
Registering precompiled user dll's ...
Registered in 0.000905 seconds.
Begin MonoManager ReloadAssembly
Native extension for WindowsStandalone target not found
Refreshing native plugins compatible for Editor in 0.54 ms, found 1 plugins.
Preloading 0 native plugins for Editor in 0.00 ms.
Mono: successfully reloaded assembly
- Completed reload, in  0.876 seconds
Platform modules already initialized, skipping
Refreshing native plugins compatible for Editor in 0.49 ms, found 1 plugins.
Preloading 0 native plugins for Editor in 0.00 ms.
Unloading 2110 Unused Serialized files (Serialized files now loaded: 0)
System memory in use before: 100.0 MB.
System memory in use after: 100.1 MB.

Unloading 12 unused Assets to reduce memory usage. Loaded Objects now: 2870.
Total: 4.006800 ms (FindLiveObjects: 0.341900 ms CreateObjectMapping: 0.060800 ms MarkObjects: 3.404700 ms  DeleteObjects: 0.197400 ms)

========================================================================
Received Prepare
Registering precompiled user dll's ...
Registered in 0.000960 seconds.
Begin MonoManager ReloadAssembly
Native extension for WindowsStandalone target not found
Refreshing native plugins compatible for Editor in 0.70 ms, found 1 plugins.
Preloading 0 native plugins for Editor in 0.00 ms.
Mono: successfully reloaded assembly
- Completed reload, in  0.882 seconds
Platform modules already initialized, skipping
Refreshing native plugins compatible for Editor in 0.73 ms, found 1 plugins.
Preloading 0 native plugins for Editor in 0.00 ms.
Unloading 2110 Unused Serialized files (Serialized files now loaded: 0)
System memory in use before: 100.0 MB.
System memory in use after: 100.1 MB.

Unloading 12 unused Assets to reduce memory usage. Loaded Objects now: 2874.
Total: 3.349300 ms (FindLiveObjects: 0.355800 ms CreateObjectMapping: 0.054000 ms MarkObjects: 2.793100 ms  DeleteObjects: 0.144700 ms)

========================================================================
Received Prepare
Registering precompiled user dll's ...
Registered in 0.001175 seconds.
Begin MonoManager ReloadAssembly
Native extension for WindowsStandalone target not found
Refreshing native plugins compatible for Editor in 0.70 ms, found 1 plugins.
Preloading 0 native plugins for Editor in 0.00 ms.
Mono: successfully reloaded assembly
- Completed reload, in  0.809 seconds
Platform modules already initialized, skipping
Refreshing native plugins compatible for Editor in 0.91 ms, found 1 plugins.
Preloading 0 native plugins for Editor in 0.00 ms.
Unloading 2110 Unused Serialized files (Serialized files now loaded: 0)
System memory in use before: 100.0 MB.
System memory in use after: 100.1 MB.

Unloading 12 unused Assets to reduce memory usage. Loaded Objects now: 2878.
Total: 3.369900 ms (FindLiveObjects: 0.356200 ms CreateObjectMapping: 0.064200 ms MarkObjects: 2.725600 ms  DeleteObjects: 0.221500 ms)

========================================================================
Received Prepare
Registering precompiled user dll's ...
Registered in 0.001221 seconds.
Begin MonoManager ReloadAssembly
Native extension for WindowsStandalone target not found
Refreshing native plugins compatible for Editor in 0.64 ms, found 1 plugins.
Preloading 0 native plugins for Editor in 0.00 ms.
Mono: successfully reloaded assembly
- Completed reload, in  0.863 seconds
Platform modules already initialized, skipping
Refreshing native plugins compatible for Editor in 0.61 ms, found 1 plugins.
Preloading 0 native plugins for Editor in 0.00 ms.
Unloading 2110 Unused Serialized files (Serialized files now loaded: 0)
System memory in use before: 100.0 MB.
System memory in use after: 100.1 MB.

Unloading 12 unused Assets to reduce memory usage. Loaded Objects now: 2882.
Total: 3.847600 ms (FindLiveObjects: 0.422500 ms CreateObjectMapping: 0.064300 ms MarkObjects: 2.936400 ms  DeleteObjects: 0.421500 ms)

========================================================================
Received Prepare
Registering precompiled user dll's ...
Registered in 0.001631 seconds.
Begin MonoManager ReloadAssembly
Native extension for WindowsStandalone target not found
Refreshing native plugins compatible for Editor in 0.50 ms, found 1 plugins.
Preloading 0 native plugins for Editor in 0.00 ms.
Mono: successfully reloaded assembly
- Completed reload, in  1.029 seconds
Platform modules already initialized, skipping
Refreshing native plugins compatible for Editor in 0.73 ms, found 1 plugins.
Preloading 0 native plugins for Editor in 0.00 ms.
Unloading 2110 Unused Serialized files (Serialized files now loaded: 0)
System memory in use before: 100.0 MB.
System memory in use after: 100.1 MB.

Unloading 12 unused Assets to reduce memory usage. Loaded Objects now: 2886.
Total: 2.833300 ms (FindLiveObjects: 0.361900 ms CreateObjectMapping: 0.059700 ms MarkObjects: 2.257600 ms  DeleteObjects: 0.152500 ms)

========================================================================
Received Prepare
Registering precompiled user dll's ...
Registered in 0.001126 seconds.
Begin MonoManager ReloadAssembly
Native extension for WindowsStandalone target not found
Refreshing native plugins compatible for Editor in 0.54 ms, found 1 plugins.
Preloading 0 native plugins for Editor in 0.00 ms.
Mono: successfully reloaded assembly
- Completed reload, in  1.004 seconds
Platform modules already initialized, skipping
Refreshing native plugins compatible for Editor in 0.96 ms, found 1 plugins.
Preloading 0 native plugins for Editor in 0.00 ms.
Unloading 2110 Unused Serialized files (Serialized files now loaded: 0)
System memory in use before: 100.1 MB.
System memory in use after: 100.1 MB.

Unloading 12 unused Assets to reduce memory usage. Loaded Objects now: 2890.
Total: 3.426100 ms (FindLiveObjects: 0.689500 ms CreateObjectMapping: 0.148900 ms MarkObjects: 2.416400 ms  DeleteObjects: 0.169400 ms)

========================================================================
Received Prepare
Registering precompiled user dll's ...
Registered in 0.001680 seconds.
Begin MonoManager ReloadAssembly
Native extension for WindowsStandalone target not found
Refreshing native plugins compatible for Editor in 0.58 ms, found 1 plugins.
Preloading 0 native plugins for Editor in 0.00 ms.
Mono: successfully reloaded assembly
- Completed reload, in  1.082 seconds
Platform modules already initialized, skipping
Refreshing native plugins compatible for Editor in 0.52 ms, found 1 plugins.
Preloading 0 native plugins for Editor in 0.00 ms.
Unloading 2110 Unused Serialized files (Serialized files now loaded: 0)
System memory in use before: 100.1 MB.
System memory in use after: 100.1 MB.

Unloading 12 unused Assets to reduce memory usage. Loaded Objects now: 2894.
Total: 2.856500 ms (FindLiveObjects: 0.354400 ms CreateObjectMapping: 0.066300 ms MarkObjects: 2.276400 ms  DeleteObjects: 0.157400 ms)

========================================================================
Received Prepare
Registering precompiled user dll's ...
Registered in 0.001009 seconds.
Begin MonoManager ReloadAssembly
Native extension for WindowsStandalone target not found
Refreshing native plugins compatible for Editor in 0.56 ms, found 1 plugins.
Preloading 0 native plugins for Editor in 0.00 ms.
Mono: successfully reloaded assembly
- Completed reload, in  0.858 seconds
Platform modules already initialized, skipping
Refreshing native plugins compatible for Editor in 0.55 ms, found 1 plugins.
Preloading 0 native plugins for Editor in 0.00 ms.
Unloading 2110 Unused Serialized files (Serialized files now loaded: 0)
System memory in use before: 100.1 MB.
System memory in use after: 100.2 MB.

Unloading 12 unused Assets to reduce memory usage. Loaded Objects now: 2898.
Total: 5.071600 ms (FindLiveObjects: 0.372800 ms CreateObjectMapping: 0.076900 ms MarkObjects: 4.129300 ms  DeleteObjects: 0.490500 ms)

========================================================================
Received Prepare
Registering precompiled user dll's ...
Registered in 0.000956 seconds.
Begin MonoManager ReloadAssembly
Native extension for WindowsStandalone target not found
Refreshing native plugins compatible for Editor in 0.49 ms, found 1 plugins.
Preloading 0 native plugins for Editor in 0.00 ms.
Mono: successfully reloaded assembly
- Completed reload, in  0.817 seconds
Platform modules already initialized, skipping
Refreshing native plugins compatible for Editor in 0.56 ms, found 1 plugins.
Preloading 0 native plugins for Editor in 0.00 ms.
Unloading 2110 Unused Serialized files (Serialized files now loaded: 0)
System memory in use before: 100.1 MB.
System memory in use after: 100.2 MB.

Unloading 12 unused Assets to reduce memory usage. Loaded Objects now: 2902.
Total: 2.751100 ms (FindLiveObjects: 0.367500 ms CreateObjectMapping: 0.056600 ms MarkObjects: 2.044900 ms  DeleteObjects: 0.280600 ms)

========================================================================
Received Import Request.
  Time since last request: 32350.089812 seconds.
  path: Assets/Resources/PartnerDances
  artifactKey: Guid(78619e8c6e0961942b87ab8babdfbdf9) Importer(815301076,1909f56bfc062723c751e8b465ee728b)
Start importing Assets/Resources/PartnerDances using Guid(78619e8c6e0961942b87ab8babdfbdf9) Importer(815301076,1909f56bfc062723c751e8b465ee728b)  -> (artifact id: 'b21da5172dbd4bf2a4c207663f6c9025') in 0.011772 seconds
  Import took 0.016141 seconds .

========================================================================
Received Import Request.
  Time since last request: 8.260598 seconds.
  path: Assets/Audio/TutorialMusic.mp3
  artifactKey: Guid(914d610e1194dfa4f9ee75ba59d2b811) Importer(815301076,1909f56bfc062723c751e8b465ee728b)
Start importing Assets/Audio/TutorialMusic.mp3 using Guid(914d610e1194dfa4f9ee75ba59d2b811) Importer(815301076,1909f56bfc062723c751e8b465ee728b)  -> (artifact id: '3b2121eeeb252f4af0d4b1a3c4297e7f') in 0.139361 seconds
  Import took 0.143377 seconds .

========================================================================
Received Prepare
Registering precompiled user dll's ...
Registered in 0.001070 seconds.
Begin MonoManager ReloadAssembly
Native extension for WindowsStandalone target not found
Refreshing native plugins compatible for Editor in 0.45 ms, found 1 plugins.
Preloading 0 native plugins for Editor in 0.00 ms.
Mono: successfully reloaded assembly
- Completed reload, in  0.759 seconds
Platform modules already initialized, skipping
Refreshing native plugins compatible for Editor in 0.48 ms, found 1 plugins.
Preloading 0 native plugins for Editor in 0.00 ms.
Unloading 2110 Unused Serialized files (Serialized files now loaded: 0)
System memory in use before: 100.1 MB.
System memory in use after: 100.2 MB.

Unloading 12 unused Assets to reduce memory usage. Loaded Objects now: 2913.
Total: 2.741100 ms (FindLiveObjects: 0.372200 ms CreateObjectMapping: 0.059800 ms MarkObjects: 2.188700 ms  DeleteObjects: 0.119100 ms)

========================================================================
Received Import Request.
  Time since last request: 2924.913341 seconds.
  path: Assets/Scenes/PrototypeTwo.unity
  artifactKey: Guid(0aa99ccd9a4b69f4a99e794f8e0baa47) Importer(815301076,1909f56bfc062723c751e8b465ee728b)
Start importing Assets/Scenes/PrototypeTwo.unity using Guid(0aa99ccd9a4b69f4a99e794f8e0baa47) Importer(815301076,1909f56bfc062723c751e8b465ee728b)  -> (artifact id: '9f19ca19c10654fec4f314a39b7b8f89') in 0.017902 seconds
  Import took 0.021608 seconds .

========================================================================
Received Import Request.
  Time since last request: 0.000632 seconds.
  path: Assets/Scenes/PrototypeTwo.unity
  artifactKey: Guid(0aa99ccd9a4b69f4a99e794f8e0baa47) Importer(815301076,1909f56bfc062723c751e8b465ee728b)
Start importing Assets/Scenes/PrototypeTwo.unity using Guid(0aa99ccd9a4b69f4a99e794f8e0baa47) Importer(815301076,1909f56bfc062723c751e8b465ee728b)  -> (artifact id: '9f19ca19c10654fec4f314a39b7b8f89') in 0.003348 seconds
  Import took 0.006666 seconds .

========================================================================
Received Import Request.
  Time since last request: 57.279840 seconds.
  path: Assets/Prefabs
  artifactKey: Guid(54220b9c09ded9e46bca0d6286e11030) Importer(815301076,1909f56bfc062723c751e8b465ee728b)
Start importing Assets/Prefabs using Guid(54220b9c09ded9e46bca0d6286e11030) Importer(815301076,1909f56bfc062723c751e8b465ee728b)  -> (artifact id: '5772df18f05b06b54f324957333bd2b6') in 0.007694 seconds
  Import took 0.011365 seconds .

========================================================================
Received Import Request.
  Time since last request: 9.721787 seconds.
  path: Assets/Prefabs/Prototype
  artifactKey: Guid(c27e089c5689c754ba78f27ae683c9bc) Importer(815301076,1909f56bfc062723c751e8b465ee728b)
Start importing Assets/Prefabs/Prototype using Guid(c27e089c5689c754ba78f27ae683c9bc) Importer(815301076,1909f56bfc062723c751e8b465ee728b)  -> (artifact id: 'cbab3c12b9a87dc33410212e1c980392') in 0.006040 seconds
  Import took 0.009644 seconds .

========================================================================
Received Import Request.
  Time since last request: 2.516614 seconds.
  path: Assets/Prefabs/GridTile.prefab
  artifactKey: Guid(3f9f5e08b8d88a745b55c80d3320f0c1) Importer(815301076,1909f56bfc062723c751e8b465ee728b)
Start importing Assets/Prefabs/GridTile.prefab using Guid(3f9f5e08b8d88a745b55c80d3320f0c1) Importer(815301076,1909f56bfc062723c751e8b465ee728b)  -> (artifact id: 'dccdc5cde97419a0c40508fea70dc233') in 0.052084 seconds
  Import took 0.056615 seconds .

========================================================================
Received Import Request.
  Time since last request: 17.150163 seconds.
  path: Assets/Prefabs/Prototype/GridTile.prefab
  artifactKey: Guid(3f9f5e08b8d88a745b55c80d3320f0c1) Importer(815301076,1909f56bfc062723c751e8b465ee728b)
Start importing Assets/Prefabs/Prototype/GridTile.prefab using Guid(3f9f5e08b8d88a745b55c80d3320f0c1) Importer(815301076,1909f56bfc062723c751e8b465ee728b)  -> (artifact id: '8aa61bbec1eae2184bfcd2ee5a1005a5') in 0.008502 seconds
  Import took 0.012228 seconds .

========================================================================
Received Import Request.
  Time since last request: 0.003520 seconds.
  path: Assets/Prefabs/Prototype/GridTile.prefab
  artifactKey: Guid(3f9f5e08b8d88a745b55c80d3320f0c1) Importer(815301076,1909f56bfc062723c751e8b465ee728b)
Start importing Assets/Prefabs/Prototype/GridTile.prefab using Guid(3f9f5e08b8d88a745b55c80d3320f0c1) Importer(815301076,1909f56bfc062723c751e8b465ee728b)  -> (artifact id: '8aa61bbec1eae2184bfcd2ee5a1005a5') in 0.010488 seconds
  Import took 0.014127 seconds .

========================================================================
Received Prepare
Registering precompiled user dll's ...
Registered in 0.001228 seconds.
Begin MonoManager ReloadAssembly
Native extension for WindowsStandalone target not found
Refreshing native plugins compatible for Editor in 0.49 ms, found 1 plugins.
Preloading 0 native plugins for Editor in 0.00 ms.
Mono: successfully reloaded assembly
- Completed reload, in  0.886 seconds
Platform modules already initialized, skipping
Refreshing native plugins compatible for Editor in 0.52 ms, found 1 plugins.
Preloading 0 native plugins for Editor in 0.00 ms.
Unloading 2111 Unused Serialized files (Serialized files now loaded: 0)
System memory in use before: 100.2 MB.
System memory in use after: 100.3 MB.

Unloading 12 unused Assets to reduce memory usage. Loaded Objects now: 2919.
Total: 2.950600 ms (FindLiveObjects: 0.446000 ms CreateObjectMapping: 0.059800 ms MarkObjects: 2.318000 ms  DeleteObjects: 0.125000 ms)

========================================================================
Received Prepare
Registering precompiled user dll's ...
Registered in 0.001067 seconds.
Begin MonoManager ReloadAssembly
Native extension for WindowsStandalone target not found
Refreshing native plugins compatible for Editor in 0.52 ms, found 1 plugins.
Preloading 0 native plugins for Editor in 0.00 ms.
Mono: successfully reloaded assembly
- Completed reload, in  0.908 seconds
Platform modules already initialized, skipping
Refreshing native plugins compatible for Editor in 0.56 ms, found 1 plugins.
Preloading 0 native plugins for Editor in 0.00 ms.
Unloading 2111 Unused Serialized files (Serialized files now loaded: 0)
System memory in use before: 100.2 MB.
System memory in use after: 100.3 MB.

Unloading 12 unused Assets to reduce memory usage. Loaded Objects now: 2923.
Total: 3.470100 ms (FindLiveObjects: 0.395100 ms CreateObjectMapping: 0.059900 ms MarkObjects: 2.854500 ms  DeleteObjects: 0.157700 ms)

========================================================================
Received Prepare
Registering precompiled user dll's ...
Registered in 0.001276 seconds.
Begin MonoManager ReloadAssembly
Native extension for WindowsStandalone target not found
Refreshing native plugins compatible for Editor in 0.53 ms, found 1 plugins.
Preloading 0 native plugins for Editor in 0.00 ms.
Mono: successfully reloaded assembly
- Completed reload, in  0.965 seconds
Platform modules already initialized, skipping
Refreshing native plugins compatible for Editor in 0.51 ms, found 1 plugins.
Preloading 0 native plugins for Editor in 0.00 ms.
Unloading 2111 Unused Serialized files (Serialized files now loaded: 0)
System memory in use before: 100.2 MB.
System memory in use after: 100.3 MB.

Unloading 12 unused Assets to reduce memory usage. Loaded Objects now: 2927.
Total: 2.458300 ms (FindLiveObjects: 0.323200 ms CreateObjectMapping: 0.057500 ms MarkObjects: 1.949300 ms  DeleteObjects: 0.126800 ms)

========================================================================
Received Prepare
Registering precompiled user dll's ...
Registered in 0.001068 seconds.
Begin MonoManager ReloadAssembly
Native extension for WindowsStandalone target not found
Refreshing native plugins compatible for Editor in 0.70 ms, found 1 plugins.
Preloading 0 native plugins for Editor in 0.00 ms.
Mono: successfully reloaded assembly
- Completed reload, in  0.859 seconds
Platform modules already initialized, skipping
Refreshing native plugins compatible for Editor in 0.48 ms, found 1 plugins.
Preloading 0 native plugins for Editor in 0.00 ms.
Unloading 2111 Unused Serialized files (Serialized files now loaded: 0)
System memory in use before: 100.2 MB.
System memory in use after: 100.3 MB.

Unloading 12 unused Assets to reduce memory usage. Loaded Objects now: 2931.
Total: 2.642700 ms (FindLiveObjects: 0.312200 ms CreateObjectMapping: 0.057300 ms MarkObjects: 2.142300 ms  DeleteObjects: 0.129400 ms)

========================================================================
Received Prepare
Registering precompiled user dll's ...
Registered in 0.000980 seconds.
Begin MonoManager ReloadAssembly
Native extension for WindowsStandalone target not found
Refreshing native plugins compatible for Editor in 0.50 ms, found 1 plugins.
Preloading 0 native plugins for Editor in 0.00 ms.
Mono: successfully reloaded assembly
- Completed reload, in  0.874 seconds
Platform modules already initialized, skipping
Refreshing native plugins compatible for Editor in 0.49 ms, found 1 plugins.
Preloading 0 native plugins for Editor in 0.00 ms.
Unloading 2111 Unused Serialized files (Serialized files now loaded: 0)
System memory in use before: 100.3 MB.
System memory in use after: 100.3 MB.

Unloading 12 unused Assets to reduce memory usage. Loaded Objects now: 2935.
Total: 2.695300 ms (FindLiveObjects: 0.344000 ms CreateObjectMapping: 0.063300 ms MarkObjects: 2.131700 ms  DeleteObjects: 0.154100 ms)

========================================================================
Received Prepare
Registering precompiled user dll's ...
Registered in 0.001121 seconds.
Begin MonoManager ReloadAssembly
Native extension for WindowsStandalone target not found
Refreshing native plugins compatible for Editor in 0.52 ms, found 1 plugins.
Preloading 0 native plugins for Editor in 0.00 ms.
Mono: successfully reloaded assembly
- Completed reload, in  0.919 seconds
Platform modules already initialized, skipping
Refreshing native plugins compatible for Editor in 0.47 ms, found 1 plugins.
Preloading 0 native plugins for Editor in 0.00 ms.
Unloading 2111 Unused Serialized files (Serialized files now loaded: 0)
System memory in use before: 100.3 MB.
System memory in use after: 100.3 MB.

Unloading 12 unused Assets to reduce memory usage. Loaded Objects now: 2939.
Total: 2.762400 ms (FindLiveObjects: 0.394700 ms CreateObjectMapping: 0.057900 ms MarkObjects: 2.179300 ms  DeleteObjects: 0.128600 ms)

========================================================================
Received Prepare
Registering precompiled user dll's ...
Registered in 0.001385 seconds.
Begin MonoManager ReloadAssembly
Native extension for WindowsStandalone target not found
Refreshing native plugins compatible for Editor in 0.68 ms, found 1 plugins.
Preloading 0 native plugins for Editor in 0.00 ms.
Mono: successfully reloaded assembly
- Completed reload, in  0.855 seconds
Platform modules already initialized, skipping
Refreshing native plugins compatible for Editor in 0.65 ms, found 1 plugins.
Preloading 0 native plugins for Editor in 0.00 ms.
Unloading 2111 Unused Serialized files (Serialized files now loaded: 0)
System memory in use before: 100.3 MB.
System memory in use after: 100.4 MB.

Unloading 12 unused Assets to reduce memory usage. Loaded Objects now: 2943.
Total: 2.624000 ms (FindLiveObjects: 0.334900 ms CreateObjectMapping: 0.058200 ms MarkObjects: 2.092200 ms  DeleteObjects: 0.137000 ms)

========================================================================
Received Prepare
Registering precompiled user dll's ...
Registered in 0.000996 seconds.
Begin MonoManager ReloadAssembly
Native extension for WindowsStandalone target not found
Refreshing native plugins compatible for Editor in 0.72 ms, found 1 plugins.
Preloading 0 native plugins for Editor in 0.00 ms.
Mono: successfully reloaded assembly
- Completed reload, in  0.966 seconds
Platform modules already initialized, skipping
Refreshing native plugins compatible for Editor in 0.76 ms, found 1 plugins.
Preloading 0 native plugins for Editor in 0.00 ms.
Unloading 2111 Unused Serialized files (Serialized files now loaded: 0)
System memory in use before: 100.3 MB.
System memory in use after: 100.4 MB.

Unloading 12 unused Assets to reduce memory usage. Loaded Objects now: 2947.
Total: 3.515200 ms (FindLiveObjects: 0.637600 ms CreateObjectMapping: 0.106700 ms MarkObjects: 2.607600 ms  DeleteObjects: 0.161500 ms)

========================================================================
Received Prepare
Registering precompiled user dll's ...
Registered in 0.001031 seconds.
Begin MonoManager ReloadAssembly
Native extension for WindowsStandalone target not found
Refreshing native plugins compatible for Editor in 0.49 ms, found 1 plugins.
Preloading 0 native plugins for Editor in 0.00 ms.
Mono: successfully reloaded assembly
- Completed reload, in  0.881 seconds
Platform modules already initialized, skipping
Refreshing native plugins compatible for Editor in 0.56 ms, found 1 plugins.
Preloading 0 native plugins for Editor in 0.00 ms.
Unloading 2111 Unused Serialized files (Serialized files now loaded: 0)
System memory in use before: 100.3 MB.
System memory in use after: 100.4 MB.

Unloading 12 unused Assets to reduce memory usage. Loaded Objects now: 2951.
Total: 2.876600 ms (FindLiveObjects: 0.383100 ms CreateObjectMapping: 0.062700 ms MarkObjects: 2.194200 ms  DeleteObjects: 0.234200 ms)

========================================================================
Received Prepare
Registering precompiled user dll's ...
Registered in 0.000932 seconds.
Begin MonoManager ReloadAssembly
Native extension for WindowsStandalone target not found
Refreshing native plugins compatible for Editor in 0.49 ms, found 1 plugins.
Preloading 0 native plugins for Editor in 0.00 ms.
Mono: successfully reloaded assembly
- Completed reload, in  0.895 seconds
Platform modules already initialized, skipping
Refreshing native plugins compatible for Editor in 0.49 ms, found 1 plugins.
Preloading 0 native plugins for Editor in 0.00 ms.
Unloading 2111 Unused Serialized files (Serialized files now loaded: 0)
System memory in use before: 100.3 MB.
System memory in use after: 100.4 MB.

Unloading 12 unused Assets to reduce memory usage. Loaded Objects now: 2955.
Total: 2.417900 ms (FindLiveObjects: 0.306700 ms CreateObjectMapping: 0.058300 ms MarkObjects: 1.930000 ms  DeleteObjects: 0.121700 ms)

========================================================================
Received Prepare
Registering precompiled user dll's ...
Registered in 0.000980 seconds.
Begin MonoManager ReloadAssembly
Native extension for WindowsStandalone target not found
Refreshing native plugins compatible for Editor in 0.50 ms, found 1 plugins.
Preloading 0 native plugins for Editor in 0.00 ms.
Mono: successfully reloaded assembly
- Completed reload, in  0.872 seconds
Platform modules already initialized, skipping
Refreshing native plugins compatible for Editor in 0.53 ms, found 1 plugins.
Preloading 0 native plugins for Editor in 0.00 ms.
Unloading 2111 Unused Serialized files (Serialized files now loaded: 0)
System memory in use before: 100.3 MB.
System memory in use after: 100.4 MB.

Unloading 12 unused Assets to reduce memory usage. Loaded Objects now: 2959.
Total: 2.559100 ms (FindLiveObjects: 0.367300 ms CreateObjectMapping: 0.060500 ms MarkObjects: 1.955200 ms  DeleteObjects: 0.174600 ms)

========================================================================
Received Prepare
Registering precompiled user dll's ...
Registered in 0.000908 seconds.
Begin MonoManager ReloadAssembly
Native extension for WindowsStandalone target not found
Refreshing native plugins compatible for Editor in 0.56 ms, found 1 plugins.
Preloading 0 native plugins for Editor in 0.00 ms.
Mono: successfully reloaded assembly
- Completed reload, in  0.929 seconds
Platform modules already initialized, skipping
Refreshing native plugins compatible for Editor in 0.75 ms, found 1 plugins.
Preloading 0 native plugins for Editor in 0.00 ms.
Unloading 2111 Unused Serialized files (Serialized files now loaded: 0)
System memory in use before: 100.4 MB.
System memory in use after: 100.4 MB.

Unloading 12 unused Assets to reduce memory usage. Loaded Objects now: 2963.
Total: 2.793200 ms (FindLiveObjects: 0.325200 ms CreateObjectMapping: 0.060400 ms MarkObjects: 2.245800 ms  DeleteObjects: 0.160200 ms)

========================================================================
Received Prepare
Registering precompiled user dll's ...
Registered in 0.000986 seconds.
Begin MonoManager ReloadAssembly
Native extension for WindowsStandalone target not found
Refreshing native plugins compatible for Editor in 0.54 ms, found 1 plugins.
Preloading 0 native plugins for Editor in 0.00 ms.
Mono: successfully reloaded assembly
- Completed reload, in  0.870 seconds
Platform modules already initialized, skipping
Refreshing native plugins compatible for Editor in 0.48 ms, found 1 plugins.
Preloading 0 native plugins for Editor in 0.00 ms.
Unloading 2111 Unused Serialized files (Serialized files now loaded: 0)
System memory in use before: 100.4 MB.
System memory in use after: 100.4 MB.

Unloading 12 unused Assets to reduce memory usage. Loaded Objects now: 2967.
Total: 2.470900 ms (FindLiveObjects: 0.387200 ms CreateObjectMapping: 0.063200 ms MarkObjects: 1.901200 ms  DeleteObjects: 0.118000 ms)

========================================================================
Received Prepare
Registering precompiled user dll's ...
Registered in 0.001030 seconds.
Begin MonoManager ReloadAssembly
Native extension for WindowsStandalone target not found
Refreshing native plugins compatible for Editor in 0.52 ms, found 1 plugins.
Preloading 0 native plugins for Editor in 0.00 ms.
Mono: successfully reloaded assembly
- Completed reload, in  0.921 seconds
Platform modules already initialized, skipping
Refreshing native plugins compatible for Editor in 0.55 ms, found 1 plugins.
Preloading 0 native plugins for Editor in 0.00 ms.
Unloading 2111 Unused Serialized files (Serialized files now loaded: 0)
System memory in use before: 100.4 MB.
System memory in use after: 100.5 MB.

Unloading 12 unused Assets to reduce memory usage. Loaded Objects now: 2971.
Total: 2.996300 ms (FindLiveObjects: 0.420300 ms CreateObjectMapping: 0.073100 ms MarkObjects: 2.364700 ms  DeleteObjects: 0.136700 ms)

========================================================================
Received Prepare
Registering precompiled user dll's ...
Registered in 0.000972 seconds.
Begin MonoManager ReloadAssembly
Native extension for WindowsStandalone target not found
Refreshing native plugins compatible for Editor in 0.50 ms, found 1 plugins.
Preloading 0 native plugins for Editor in 0.00 ms.
Mono: successfully reloaded assembly
- Completed reload, in  0.869 seconds
Platform modules already initialized, skipping
Refreshing native plugins compatible for Editor in 0.60 ms, found 1 plugins.
Preloading 0 native plugins for Editor in 0.00 ms.
Unloading 2111 Unused Serialized files (Serialized files now loaded: 0)
System memory in use before: 100.4 MB.
System memory in use after: 100.5 MB.

Unloading 12 unused Assets to reduce memory usage. Loaded Objects now: 2975.
Total: 3.306600 ms (FindLiveObjects: 0.425700 ms CreateObjectMapping: 0.066800 ms MarkObjects: 2.677300 ms  DeleteObjects: 0.134800 ms)

========================================================================
Received Prepare
Registering precompiled user dll's ...
Registered in 0.001162 seconds.
Begin MonoManager ReloadAssembly
Native extension for WindowsStandalone target not found
Refreshing native plugins compatible for Editor in 0.49 ms, found 1 plugins.
Preloading 0 native plugins for Editor in 0.00 ms.
Mono: successfully reloaded assembly
- Completed reload, in  0.877 seconds
Platform modules already initialized, skipping
Refreshing native plugins compatible for Editor in 0.67 ms, found 1 plugins.
Preloading 0 native plugins for Editor in 0.00 ms.
Unloading 2111 Unused Serialized files (Serialized files now loaded: 0)
System memory in use before: 100.4 MB.
System memory in use after: 100.5 MB.

Unloading 12 unused Assets to reduce memory usage. Loaded Objects now: 2979.
Total: 2.508200 ms (FindLiveObjects: 0.323400 ms CreateObjectMapping: 0.059200 ms MarkObjects: 2.008300 ms  DeleteObjects: 0.116000 ms)

========================================================================
Received Prepare
Registering precompiled user dll's ...
Registered in 0.000908 seconds.
Begin MonoManager ReloadAssembly
Native extension for WindowsStandalone target not found
Refreshing native plugins compatible for Editor in 0.48 ms, found 1 plugins.
Preloading 0 native plugins for Editor in 0.00 ms.
Mono: successfully reloaded assembly
- Completed reload, in  0.758 seconds
Platform modules already initialized, skipping
Refreshing native plugins compatible for Editor in 0.56 ms, found 1 plugins.
Preloading 0 native plugins for Editor in 0.00 ms.
Unloading 2111 Unused Serialized files (Serialized files now loaded: 0)
System memory in use before: 100.4 MB.
System memory in use after: 100.5 MB.

Unloading 12 unused Assets to reduce memory usage. Loaded Objects now: 2983.
Total: 3.188200 ms (FindLiveObjects: 0.362900 ms CreateObjectMapping: 0.074400 ms MarkObjects: 2.616800 ms  DeleteObjects: 0.132300 ms)

========================================================================
Received Prepare
Registering precompiled user dll's ...
Registered in 0.000872 seconds.
Begin MonoManager ReloadAssembly
Native extension for WindowsStandalone target not found
Refreshing native plugins compatible for Editor in 0.47 ms, found 1 plugins.
Preloading 0 native plugins for Editor in 0.00 ms.
Mono: successfully reloaded assembly
- Completed reload, in  0.747 seconds
Platform modules already initialized, skipping
Refreshing native plugins compatible for Editor in 0.50 ms, found 1 plugins.
Preloading 0 native plugins for Editor in 0.00 ms.
Unloading 2111 Unused Serialized files (Serialized files now loaded: 0)
System memory in use before: 100.4 MB.
System memory in use after: 100.5 MB.

Unloading 12 unused Assets to reduce memory usage. Loaded Objects now: 2987.
Total: 2.900200 ms (FindLiveObjects: 0.346900 ms CreateObjectMapping: 0.056700 ms MarkObjects: 2.330100 ms  DeleteObjects: 0.164700 ms)

========================================================================
Received Prepare
Registering precompiled user dll's ...
Registered in 0.000851 seconds.
Begin MonoManager ReloadAssembly
Native extension for WindowsStandalone target not found
Refreshing native plugins compatible for Editor in 0.47 ms, found 1 plugins.
Preloading 0 native plugins for Editor in 0.00 ms.
Mono: successfully reloaded assembly
- Completed reload, in  0.768 seconds
Platform modules already initialized, skipping
Refreshing native plugins compatible for Editor in 0.67 ms, found 1 plugins.
Preloading 0 native plugins for Editor in 0.00 ms.
Unloading 2111 Unused Serialized files (Serialized files now loaded: 0)
System memory in use before: 100.4 MB.
System memory in use after: 100.5 MB.

Unloading 12 unused Assets to reduce memory usage. Loaded Objects now: 2991.
Total: 2.616400 ms (FindLiveObjects: 0.363700 ms CreateObjectMapping: 0.053700 ms MarkObjects: 2.057500 ms  DeleteObjects: 0.139700 ms)

========================================================================
Received Prepare
Registering precompiled user dll's ...
Registered in 0.000986 seconds.
Begin MonoManager ReloadAssembly
Native extension for WindowsStandalone target not found
Refreshing native plugins compatible for Editor in 0.55 ms, found 1 plugins.
Preloading 0 native plugins for Editor in 0.00 ms.
Mono: successfully reloaded assembly
- Completed reload, in  0.908 seconds
Platform modules already initialized, skipping
Refreshing native plugins compatible for Editor in 0.52 ms, found 1 plugins.
Preloading 0 native plugins for Editor in 0.00 ms.
Unloading 2111 Unused Serialized files (Serialized files now loaded: 0)
System memory in use before: 100.4 MB.
System memory in use after: 100.5 MB.

Unloading 12 unused Assets to reduce memory usage. Loaded Objects now: 2995.
Total: 3.391300 ms (FindLiveObjects: 0.495800 ms CreateObjectMapping: 0.076200 ms MarkObjects: 2.648000 ms  DeleteObjects: 0.169700 ms)

========================================================================
Received Prepare
Registering precompiled user dll's ...
Registered in 0.001085 seconds.
Begin MonoManager ReloadAssembly
Native extension for WindowsStandalone target not found
Refreshing native plugins compatible for Editor in 0.49 ms, found 1 plugins.
Preloading 0 native plugins for Editor in 0.00 ms.
Mono: successfully reloaded assembly
- Completed reload, in  0.890 seconds
Platform modules already initialized, skipping
Refreshing native plugins compatible for Editor in 0.48 ms, found 1 plugins.
Preloading 0 native plugins for Editor in 0.00 ms.
Unloading 2111 Unused Serialized files (Serialized files now loaded: 0)
System memory in use before: 100.4 MB.
System memory in use after: 100.5 MB.

Unloading 12 unused Assets to reduce memory usage. Loaded Objects now: 2999.
Total: 2.538600 ms (FindLiveObjects: 0.327500 ms CreateObjectMapping: 0.061300 ms MarkObjects: 2.023200 ms  DeleteObjects: 0.125200 ms)

========================================================================
Received Prepare
Registering precompiled user dll's ...
Registered in 0.003716 seconds.
Begin MonoManager ReloadAssembly
Native extension for WindowsStandalone target not found
Refreshing native plugins compatible for Editor in 0.80 ms, found 1 plugins.
Preloading 0 native plugins for Editor in 0.00 ms.
Mono: successfully reloaded assembly
- Completed reload, in  0.979 seconds
Platform modules already initialized, skipping
Refreshing native plugins compatible for Editor in 0.74 ms, found 1 plugins.
Preloading 0 native plugins for Editor in 0.00 ms.
Unloading 2111 Unused Serialized files (Serialized files now loaded: 0)
System memory in use before: 100.4 MB.
System memory in use after: 100.5 MB.

Unloading 12 unused Assets to reduce memory usage. Loaded Objects now: 3003.
Total: 4.340000 ms (FindLiveObjects: 0.386600 ms CreateObjectMapping: 0.074900 ms MarkObjects: 3.166300 ms  DeleteObjects: 0.709500 ms)

========================================================================
Received Prepare
Registering precompiled user dll's ...
Registered in 0.001033 seconds.
Begin MonoManager ReloadAssembly
Native extension for WindowsStandalone target not found
Refreshing native plugins compatible for Editor in 0.47 ms, found 1 plugins.
Preloading 0 native plugins for Editor in 0.00 ms.
Mono: successfully reloaded assembly
- Completed reload, in  0.826 seconds
Platform modules already initialized, skipping
Refreshing native plugins compatible for Editor in 0.49 ms, found 1 plugins.
Preloading 0 native plugins for Editor in 0.00 ms.
Unloading 2111 Unused Serialized files (Serialized files now loaded: 0)
System memory in use before: 100.5 MB.
System memory in use after: 100.5 MB.

Unloading 12 unused Assets to reduce memory usage. Loaded Objects now: 3007.
Total: 2.475600 ms (FindLiveObjects: 0.332700 ms CreateObjectMapping: 0.055800 ms MarkObjects: 1.961900 ms  DeleteObjects: 0.123900 ms)

========================================================================
Received Prepare
Registering precompiled user dll's ...
Registered in 0.001448 seconds.
Begin MonoManager ReloadAssembly
Native extension for WindowsStandalone target not found
Refreshing native plugins compatible for Editor in 0.51 ms, found 1 plugins.
Preloading 0 native plugins for Editor in 0.00 ms.
Mono: successfully reloaded assembly
- Completed reload, in  0.824 seconds
Platform modules already initialized, skipping
Refreshing native plugins compatible for Editor in 0.50 ms, found 1 plugins.
Preloading 0 native plugins for Editor in 0.00 ms.
Unloading 2111 Unused Serialized files (Serialized files now loaded: 0)
System memory in use before: 100.5 MB.
System memory in use after: 100.5 MB.

Unloading 12 unused Assets to reduce memory usage. Loaded Objects now: 3011.
Total: 2.512300 ms (FindLiveObjects: 0.308100 ms CreateObjectMapping: 0.057000 ms MarkObjects: 2.010500 ms  DeleteObjects: 0.135500 ms)

========================================================================
Received Prepare
Registering precompiled user dll's ...
Registered in 0.001340 seconds.
Begin MonoManager ReloadAssembly
Native extension for WindowsStandalone target not found
Refreshing native plugins compatible for Editor in 0.65 ms, found 1 plugins.
Preloading 0 native plugins for Editor in 0.00 ms.
Mono: successfully reloaded assembly
- Completed reload, in  0.866 seconds
Platform modules already initialized, skipping
Refreshing native plugins compatible for Editor in 0.69 ms, found 1 plugins.
Preloading 0 native plugins for Editor in 0.00 ms.
Unloading 2111 Unused Serialized files (Serialized files now loaded: 0)
System memory in use before: 100.5 MB.
System memory in use after: 100.6 MB.

Unloading 12 unused Assets to reduce memory usage. Loaded Objects now: 3015.
Total: 3.645100 ms (FindLiveObjects: 0.440500 ms CreateObjectMapping: 0.083100 ms MarkObjects: 2.963400 ms  DeleteObjects: 0.156500 ms)

========================================================================
Received Prepare
Registering precompiled user dll's ...
Registered in 0.001072 seconds.
Begin MonoManager ReloadAssembly
Native extension for WindowsStandalone target not found
Refreshing native plugins compatible for Editor in 0.74 ms, found 1 plugins.
Preloading 0 native plugins for Editor in 0.00 ms.
Mono: successfully reloaded assembly
- Completed reload, in  0.883 seconds
Platform modules already initialized, skipping
Refreshing native plugins compatible for Editor in 0.56 ms, found 1 plugins.
Preloading 0 native plugins for Editor in 0.00 ms.
Unloading 2111 Unused Serialized files (Serialized files now loaded: 0)
System memory in use before: 100.5 MB.
System memory in use after: 100.6 MB.

Unloading 12 unused Assets to reduce memory usage. Loaded Objects now: 3019.
Total: 3.827100 ms (FindLiveObjects: 0.615100 ms CreateObjectMapping: 0.202100 ms MarkObjects: 2.873500 ms  DeleteObjects: 0.134500 ms)

========================================================================
Received Prepare
Registering precompiled user dll's ...
Registered in 0.001009 seconds.
Begin MonoManager ReloadAssembly
Native extension for WindowsStandalone target not found
Refreshing native plugins compatible for Editor in 0.52 ms, found 1 plugins.
Preloading 0 native plugins for Editor in 0.00 ms.
Mono: successfully reloaded assembly
- Completed reload, in  0.857 seconds
Platform modules already initialized, skipping
Refreshing native plugins compatible for Editor in 0.52 ms, found 1 plugins.
Preloading 0 native plugins for Editor in 0.00 ms.
Unloading 2111 Unused Serialized files (Serialized files now loaded: 0)
System memory in use before: 100.5 MB.
System memory in use after: 100.6 MB.

Unloading 12 unused Assets to reduce memory usage. Loaded Objects now: 3023.
Total: 2.696500 ms (FindLiveObjects: 0.351600 ms CreateObjectMapping: 0.056100 ms MarkObjects: 2.157900 ms  DeleteObjects: 0.129300 ms)

========================================================================
Received Prepare
Registering precompiled user dll's ...
Registered in 0.000997 seconds.
Begin MonoManager ReloadAssembly
Native extension for WindowsStandalone target not found
Refreshing native plugins compatible for Editor in 0.49 ms, found 1 plugins.
Preloading 0 native plugins for Editor in 0.00 ms.
Mono: successfully reloaded assembly
- Completed reload, in  0.862 seconds
Platform modules already initialized, skipping
Refreshing native plugins compatible for Editor in 0.50 ms, found 1 plugins.
Preloading 0 native plugins for Editor in 0.00 ms.
Unloading 2111 Unused Serialized files (Serialized files now loaded: 0)
System memory in use before: 100.5 MB.
System memory in use after: 100.6 MB.

Unloading 12 unused Assets to reduce memory usage. Loaded Objects now: 3027.
Total: 2.435200 ms (FindLiveObjects: 0.335700 ms CreateObjectMapping: 0.059000 ms MarkObjects: 1.918100 ms  DeleteObjects: 0.120900 ms)

========================================================================
Received Prepare
Registering precompiled user dll's ...
Registered in 0.001527 seconds.
Begin MonoManager ReloadAssembly
Native extension for WindowsStandalone target not found
Refreshing native plugins compatible for Editor in 0.48 ms, found 1 plugins.
Preloading 0 native plugins for Editor in 0.00 ms.
Mono: successfully reloaded assembly
- Completed reload, in  0.874 seconds
Platform modules already initialized, skipping
Refreshing native plugins compatible for Editor in 0.48 ms, found 1 plugins.
Preloading 0 native plugins for Editor in 0.00 ms.
Unloading 2111 Unused Serialized files (Serialized files now loaded: 0)
System memory in use before: 100.5 MB.
System memory in use after: 100.6 MB.

Unloading 12 unused Assets to reduce memory usage. Loaded Objects now: 3031.
Total: 2.715400 ms (FindLiveObjects: 0.390900 ms CreateObjectMapping: 0.057600 ms MarkObjects: 2.138000 ms  DeleteObjects: 0.126300 ms)

========================================================================
Received Prepare
Registering precompiled user dll's ...
Registered in 0.000884 seconds.
Begin MonoManager ReloadAssembly
Native extension for WindowsStandalone target not found
Refreshing native plugins compatible for Editor in 0.47 ms, found 1 plugins.
Preloading 0 native plugins for Editor in 0.00 ms.
Mono: successfully reloaded assembly
- Completed reload, in  0.747 seconds
Platform modules already initialized, skipping
Refreshing native plugins compatible for Editor in 0.62 ms, found 1 plugins.
Preloading 0 native plugins for Editor in 0.00 ms.
Unloading 2111 Unused Serialized files (Serialized files now loaded: 0)
System memory in use before: 100.5 MB.
System memory in use after: 100.6 MB.

Unloading 12 unused Assets to reduce memory usage. Loaded Objects now: 3035.
Total: 3.280900 ms (FindLiveObjects: 0.321500 ms CreateObjectMapping: 0.060600 ms MarkObjects: 2.768700 ms  DeleteObjects: 0.128600 ms)

========================================================================
Received Prepare
Registering precompiled user dll's ...
Registered in 0.001051 seconds.
Begin MonoManager ReloadAssembly
Native extension for WindowsStandalone target not found
Refreshing native plugins compatible for Editor in 0.73 ms, found 1 plugins.
Preloading 0 native plugins for Editor in 0.00 ms.
Mono: successfully reloaded assembly
- Completed reload, in  0.847 seconds
Platform modules already initialized, skipping
Refreshing native plugins compatible for Editor in 0.59 ms, found 1 plugins.
Preloading 0 native plugins for Editor in 0.00 ms.
Unloading 2112 Unused Serialized files (Serialized files now loaded: 0)
System memory in use before: 100.6 MB.
System memory in use after: 100.6 MB.

Unloading 12 unused Assets to reduce memory usage. Loaded Objects now: 3040.
Total: 2.563500 ms (FindLiveObjects: 0.360800 ms CreateObjectMapping: 0.056200 ms MarkObjects: 1.976600 ms  DeleteObjects: 0.168800 ms)

========================================================================
Received Import Request.
  Time since last request: 1747.976793 seconds.
  path: Assets/DebugClick.cs
  artifactKey: Guid(744e9657faee5994c92e112279f41c37) Importer(815301076,1909f56bfc062723c751e8b465ee728b)
Start importing Assets/DebugClick.cs using Guid(744e9657faee5994c92e112279f41c37) Importer(815301076,1909f56bfc062723c751e8b465ee728b)  -> (artifact id: '696165953ced2522a99e2eba95aa6fcc') in 0.008897 seconds
  Import took 0.012515 seconds .

========================================================================
Received Prepare
Registering precompiled user dll's ...
Registered in 0.001034 seconds.
Callback registration failed. Increase kMaxCallback.

Fatal Error! Callback registration failed. Increase kMaxCallback.

Crash!!!
SymInit: Symbol-SearchPath: 'C:/Program Files/Unity/Hub/Editor/2020.3.9f1/Editor/Data/Mono;.;C:\Users\Alessia\Desktop\Thesis Project\Thesis\BirdGame;C:\Program Files\Unity\Hub\Editor\2020.3.9f1\Editor;C:\Windows;C:\Windows\system32;SRV*C:\websymbols*http://msdl.microsoft.com/download/symbols;', symOptions: 534, UserName: 'Alessia'
OS-Version: 10.0.0
C:\Program Files\Unity\Hub\Editor\2020.3.9f1\Editor\Unity.exe:Unity.exe (00007FF7EBB50000), size: 134733824 (result: 0), SymType: '-deferred-', PDB: '', fileVersion: 2020.3.9.35815
C:\Windows\SYSTEM32\ntdll.dll:ntdll.dll (00007FFE97A10000), size: 2052096 (result: 0), SymType: '-deferred-', PDB: '', fileVersion: 10.0.19041.1110
C:\Windows\System32\KERNEL32.DLL:KERNEL32.DLL (00007FFE97910000), size: 774144 (result: 0), SymType: '-deferred-', PDB: '', fileVersion: 10.0.19041.1151
C:\Windows\System32\KERNELBASE.dll:KERNELBASE.dll (00007FFE957A0000), size: 2920448 (result: 0), SymType: '-deferred-', PDB: '', fileVersion: 10.0.19041.1151
C:\Windows\System32\CRYPT32.dll:CRYPT32.dll (00007FFE95640000), size: 1437696 (result: 0), SymType: '-deferred-', PDB: '', fileVersion: 10.0.19041.844
C:\Windows\System32\ucrtbase.dll:ucrtbase.dll (00007FFE95540000), size: 1048576 (result: 0), SymType: '-deferred-', PDB: '', fileVersion: 10.0.19041.789
C:\Windows\System32\USER32.dll:USER32.dll (00007FFE96930000), size: 1703936 (result: 0), SymType: '-deferred-', PDB: '', fileVersion: 10.0.19041.1151
C:\Windows\System32\win32u.dll:win32u.dll (00007FFE952B0000), size: 139264 (result: 0), SymType: '-deferred-', PDB: '', fileVersion: 10.0.19041.1151
C:\Windows\System32\GDI32.dll:GDI32.dll (00007FFE978E0000), size: 172032 (result: 0), SymType: '-deferred-', PDB: '', fileVersion: 10.0.19041.746
C:\Windows\System32\gdi32full.dll:gdi32full.dll (00007FFE951A0000), size: 1093632 (result: 0), SymType: '-deferred-', PDB: '', fileVersion: 10.0.19041.1110
C:\Program Files\Unity\Hub\Editor\2020.3.9f1\Editor\libfbxsdk.dll:libfbxsdk.dll (00007FFE62CC0000), size: 8974336 (result: 0), SymType: '-deferred-', PDB: '', fileVersion: 2020.0.0.0
C:\Program Files\Unity\Hub\Editor\2020.3.9f1\Editor\optix.6.0.0.dll:optix.6.0.0.dll (00007FFE876D0000), size: 208896 (result: 0), SymType: '-deferred-', PDB: '', fileVersion: 6.0.0.0
C:\Program Files\Unity\Hub\Editor\2020.3.9f1\Editor\OpenImageDenoise.dll:OpenImageDenoise.dll (00007FFE02320000), size: 43806720 (result: 0), SymType: '-deferred-', PDB: ''
C:\Windows\System32\msvcp_win.dll:msvcp_win.dll (00007FFE95390000), size: 643072 (result: 0), SymType: '-deferred-', PDB: '', fileVersion: 10.0.19041.789
C:\Windows\System32\ADVAPI32.dll:ADVAPI32.dll (00007FFE96B30000), size: 704512 (result: 0), SymType: '-deferred-', PDB: '', fileVersion: 10.0.19041.1052
C:\Windows\System32\msvcrt.dll:msvcrt.dll (00007FFE97070000), size: 647168 (result: 0), SymType: '-deferred-', PDB: '', fileVersion: 7.0.19041.546
C:\Windows\System32\sechost.dll:sechost.dll (00007FFE95F00000), size: 634880 (result: 0), SymType: '-deferred-', PDB: '', fileVersion: 10.0.19041.906
C:\Windows\System32\RPCRT4.dll:RPCRT4.dll (00007FFE95A70000), size: 1220608 (result: 0), SymType: '-deferred-', PDB: '', fileVersion: 10.0.19041.1081
C:\Windows\System32\SHELL32.dll:SHELL32.dll (00007FFE96020000), size: 7598080 (result: 0), SymType: '-deferred-', PDB: '', fileVersion: 10.0.19041.1151
C:\Windows\System32\SHLWAPI.dll:SHLWAPI.dll (00007FFE96AD0000), size: 348160 (result: 0), SymType: '-deferred-', PDB: '', fileVersion: 10.0.19041.1023
C:\Windows\System32\ole32.dll:ole32.dll (00007FFE97270000), size: 1220608 (result: 0), SymType: '-deferred-', PDB: '', fileVersion: 10.0.19041.746
C:\Windows\System32\combase.dll:combase.dll (00007FFE95BA0000), size: 3493888 (result: 0), SymType: '-deferred-', PDB: '', fileVersion: 10.0.19041.1081
C:\Program Files\Unity\Hub\Editor\2020.3.9f1\Editor\umbraoptimizer64.dll:umbraoptimizer64.dll (00007FFE75F50000), size: 1306624 (result: 0), SymType: '-deferred-', PDB: ''
C:\Program Files\Unity\Hub\Editor\2020.3.9f1\Editor\FreeImage.dll:FreeImage.dll (0000000180000000), size: 6414336 (result: 0), SymType: '-deferred-', PDB: '', fileVersion: 3.18.0.0
C:\Program Files\Unity\Hub\Editor\2020.3.9f1\Editor\ispc_texcomp.dll:ispc_texcomp.dll (00007FFE62B30000), size: 1609728 (result: 0), SymType: '-deferred-', PDB: ''
C:\Windows\System32\IMM32.dll:IMM32.dll (00007FFE97230000), size: 196608 (result: 0), SymType: '-deferred-', PDB: '', fileVersion: 10.0.19041.546
C:\Windows\System32\WS2_32.dll:WS2_32.dll (00007FFE976A0000), size: 438272 (result: 0), SymType: '-deferred-', PDB: '', fileVersion: 10.0.19041.546
C:\Windows\System32\SETUPAPI.dll:SETUPAPI.dll (00007FFE96BF0000), size: 4661248 (result: 0), SymType: '-deferred-', PDB: '', fileVersion: 10.0.19041.1151
C:\Windows\System32\WLDAP32.dll:WLDAP32.dll (00007FFE977A0000), size: 352256 (result: 0), SymType: '-deferred-', PDB: '', fileVersion: 10.0.19041.546
C:\Windows\System32\cfgmgr32.dll:cfgmgr32.dll (00007FFE95430000), size: 319488 (result: 0), SymType: '-deferred-', PDB: '', fileVersion: 10.0.19041.1151
C:\Windows\System32\Normaliz.dll:Normaliz.dll (00007FFE96BE0000), size: 32768 (result: 0), SymType: '-deferred-', PDB: '', fileVersion: 10.0.19041.546
C:\Windows\System32\bcrypt.dll:bcrypt.dll (00007FFE95510000), size: 159744 (result: 0), SymType: '-deferred-', PDB: '', fileVersion: 10.0.19041.1023
C:\Windows\System32\OLEAUT32.dll:OLEAUT32.dll (00007FFE974C0000), size: 839680 (result: 0), SymType: '-deferred-', PDB: '', fileVersion: 10.0.19041.985
C:\Program Files\Unity\Hub\Editor\2020.3.9f1\Editor\WinPixEventRuntime.dll:WinPixEventRuntime.dll (00007FFE8EDF0000), size: 45056 (result: 0), SymType: '-deferred-', PDB: '', fileVersion: 1.0.1812.6001
C:\Windows\System32\WINTRUST.dll:WINTRUST.dll (00007FFE95140000), size: 393216 (result: 0), SymType: '-deferred-', PDB: '', fileVersion: 10.0.19041.1151
C:\Program Files\Unity\Hub\Editor\2020.3.9f1\Editor\tbb.dll:tbb.dll (00007FFE801B0000), size: 413696 (result: 0), SymType: '-deferred-', PDB: '', fileVersion: 2017.0.2016.1004
C:\Windows\SYSTEM32\VCRUNTIME140.dll:VCRUNTIME140.dll (00007FFE4B6C0000), size: 102400 (result: 0), SymType: '-deferred-', PDB: '', fileVersion: 14.28.29334.0
C:\Windows\SYSTEM32\OPENGL32.dll:OPENGL32.dll (00007FFE4B800000), size: 1200128 (result: 0), SymType: '-deferred-', PDB: '', fileVersion: 10.0.19041.1081
C:\Windows\SYSTEM32\GLU32.dll:GLU32.dll (00007FFE4B120000), size: 180224 (result: 0), SymType: '-deferred-', PDB: '', fileVersion: 10.0.19041.1081
C:\Windows\SYSTEM32\IPHLPAPI.DLL:IPHLPAPI.DLL (00007FFE945A0000), size: 241664 (result: 0), SymType: '-deferred-', PDB: '', fileVersion: 10.0.19041.546
C:\Windows\SYSTEM32\WINHTTP.dll:WINHTTP.dll (00007FFE89D90000), size: 1081344 (result: 0), SymType: '-deferred-', PDB: '', fileVersion: 10.0.19041.1151
C:\Windows\SYSTEM32\HID.DLL:HID.DLL (00007FFE93A00000), size: 53248 (result: 0), SymType: '-deferred-', PDB: '', fileVersion: 10.0.19041.546
C:\Windows\SYSTEM32\WINMM.dll:WINMM.dll (00007FFE83190000), size: 159744 (result: 0), SymType: '-deferred-', PDB: '', fileVersion: 10.0.19041.546
C:\Program Files\Unity\Hub\Editor\2020.3.9f1\Editor\RadeonImageFilters.dll:RadeonImageFilters.dll (00007FFE39750000), size: 2535424 (result: 0), SymType: '-deferred-', PDB: '', fileVersion: 1.5.1.0
C:\Program Files\Unity\Hub\Editor\2020.3.9f1\Editor\SketchUpAPI.dll:SketchUpAPI.dll (00007FFE321A0000), size: 8978432 (result: 0), SymType: '-deferred-', PDB: '', fileVersion: 19.0.753.0
C:\Windows\SYSTEM32\VERSION.dll:VERSION.dll (00007FFE8DF90000), size: 40960 (result: 0), SymType: '-deferred-', PDB: '', fileVersion: 10.0.19041.546
C:\Windows\SYSTEM32\WSOCK32.dll:WSOCK32.dll (00007FFE8ECE0000), size: 36864 (result: 0), SymType: '-deferred-', PDB: '', fileVersion: 10.0.19041.1
C:\Windows\SYSTEM32\CRYPTBASE.DLL:CRYPTBASE.DLL (00007FFE94AF0000), size: 49152 (result: 0), SymType: '-deferred-', PDB: '', fileVersion: 10.0.19041.546
C:\Windows\SYSTEM32\MSVCP140.dll:MSVCP140.dll (00007FFE4B760000), size: 598016 (result: 0), SymType: '-deferred-', PDB: '', fileVersion: 14.28.29334.0
C:\Windows\SYSTEM32\MSVCP120.dll:MSVCP120.dll (00007FFE6BA20000), size: 679936 (result: 0), SymType: '-deferred-', PDB: '', fileVersion: 12.0.40664.0
C:\Windows\SYSTEM32\MSVCR120.dll:MSVCR120.dll (00007FFE613A0000), size: 978944 (result: 0), SymType: '-deferred-', PDB: '', fileVersion: 12.0.40664.0
C:\Program Files\Unity\Hub\Editor\2020.3.9f1\Editor\SketchUpCommonPreferences.dll:SketchUpCommonPreferences.dll (00007FFE874F0000), size: 483328 (result: 0), SymType: '-deferred-', PDB: '', fileVersion: 19.0.753.20342
C:\Windows\SYSTEM32\Secur32.dll:Secur32.dll (00007FFE8C0A0000), size: 49152 (result: 0), SymType: '-deferred-', PDB: '', fileVersion: 10.0.19041.546
C:\Windows\SYSTEM32\VCRUNTIME140_1.dll:VCRUNTIME140_1.dll (00007FFE5C040000), size: 49152 (result: 0), SymType: '-deferred-', PDB: '', fileVersion: 14.28.29334.0
C:\Windows\SYSTEM32\SSPICLI.DLL:SSPICLI.DLL (00007FFE95030000), size: 200704 (result: 0), SymType: '-deferred-', PDB: '', fileVersion: 10.0.19041.906
C:\Program Files\Unity\Hub\Editor\2020.3.9f1\Editor\OpenRL.dll:OpenRL.dll (000001D24A000000), size: 12779520 (result: 0), SymType: '-deferred-', PDB: '', fileVersion: 1.5.0.2907
C:\Windows\SYSTEM32\MSVCP100.dll:MSVCP100.dll (000000006E280000), size: 622592 (result: 0), SymType: '-deferred-', PDB: '', fileVersion: 10.0.40219.325
C:\Program Files\Unity\Hub\Editor\2020.3.9f1\Editor\embree.dll:embree.dll (00007FFE311B0000), size: 16711680 (result: 0), SymType: '-deferred-', PDB: '', fileVersion: 2.14.0.0
C:\Windows\SYSTEM32\MSVCR100.dll:MSVCR100.dll (000000006E1A0000), size: 860160 (result: 0), SymType: '-deferred-', PDB: '', fileVersion: 10.0.40219.325
C:\Windows\SYSTEM32\MSWSOCK.DLL:MSWSOCK.DLL (00007FFE94900000), size: 434176 (result: 0), SymType: '-deferred-', PDB: '', fileVersion: 10.0.19041.546
C:\Program Files\Unity\Hub\Editor\2020.3.9f1\Editor\OpenRL_pthread.dll:OpenRL_pthread.dll (000001D24AC50000), size: 61440 (result: 0), SymType: '-deferred-', PDB: '', fileVersion: 2.9.0.0
C:\Windows\SYSTEM32\MSASN1.dll:MSASN1.dll (00007FFE94D20000), size: 73728 (result: 0), SymType: '-deferred-', PDB: '', fileVersion: 10.0.19041.546
C:\Windows\SYSTEM32\kernel.appcore.dll:kernel.appcore.dll (00007FFE93070000), size: 73728 (result: 0), SymType: '-deferred-', PDB: '', fileVersion: 10.0.19041.546
C:\Windows\System32\bcryptPrimitives.dll:bcryptPrimitives.dll (00007FFE95480000), size: 536576 (result: 0), SymType: '-deferred-', PDB: '', fileVersion: 10.0.19041.1023
C:\Windows\system32\uxtheme.dll:uxtheme.dll (00007FFE92B10000), size: 647168 (result: 0), SymType: '-deferred-', PDB: '', fileVersion: 10.0.19041.1081
C:\Windows\System32\shcore.dll:shcore.dll (00007FFE97590000), size: 712704 (result: 0), SymType: '-deferred-', PDB: '', fileVersion: 10.0.19041.1023
C:\Windows\SYSTEM32\windows.storage.dll:windows.storage.dll (00007FFE93270000), size: 7929856 (result: 0), SymType: '-deferred-', PDB: '', fileVersion: 10.0.19041.1151
C:\Windows\SYSTEM32\Wldp.dll:Wldp.dll (00007FFE94BA0000), size: 180224 (result: 0), SymType: '-deferred-', PDB: '', fileVersion: 10.0.19041.662
C:\Windows\SYSTEM32\profapi.dll:profapi.dll (00007FFE95080000), size: 126976 (result: 0), SymType: '-deferred-', PDB: '', fileVersion: 10.0.19041.844
C:\Windows\System32\clbcatq.dll:clbcatq.dll (00007FFE97180000), size: 692224 (result: 0), SymType: '-deferred-', PDB: '', fileVersion: 2001.12.10941.16384
C:\Windows\System32\netprofm.dll:netprofm.dll (00007FFE904C0000), size: 253952 (result: 0), SymType: '-deferred-', PDB: '', fileVersion: 10.0.19041.906
C:\Windows\System32\npmproxy.dll:npmproxy.dll (00007FFE8CB20000), size: 65536 (result: 0), SymType: '-deferred-', PDB: '', fileVersion: 10.0.19041.906
C:\Windows\System32\NSI.dll:NSI.dll (00007FFE97110000), size: 32768 (result: 0), SymType: '-deferred-', PDB: '', fileVersion: 10.0.19041.610
C:\Windows\SYSTEM32\dhcpcsvc6.DLL:dhcpcsvc6.DLL (00007FFE8D110000), size: 94208 (result: 0), SymType: '-deferred-', PDB: '', fileVersion: 10.0.19041.546
C:\Windows\SYSTEM32\dhcpcsvc.DLL:dhcpcsvc.DLL (00007FFE8DC60000), size: 118784 (result: 0), SymType: '-deferred-', PDB: '', fileVersion: 10.0.19041.546
C:\Windows\SYSTEM32\DNSAPI.dll:DNSAPI.dll (00007FFE945E0000), size: 835584 (result: 0), SymType: '-deferred-', PDB: '', fileVersion: 10.0.19041.1151
C:\Windows\System32\fwpuclnt.dll:fwpuclnt.dll (00007FFE89B50000), size: 520192 (result: 0), SymType: '-deferred-', PDB: '', fileVersion: 10.0.19041.1081
C:\Windows\System32\rasadhlp.dll:rasadhlp.dll (00007FFE89A60000), size: 40960 (result: 0), SymType: '-deferred-', PDB: '', fileVersion: 10.0.19041.546
C:\Windows\SYSTEM32\d3d11.dll:d3d11.dll (00007FFE91690000), size: 2506752 (result: 0), SymType: '-deferred-', PDB: '', fileVersion: 10.0.19041.746
C:\Windows\SYSTEM32\dxgi.dll:dxgi.dll (00007FFE93A40000), size: 999424 (result: 0), SymType: '-deferred-', PDB: '', fileVersion: 10.0.19041.964
C:\Windows\System32\DriverStore\FileRepository\nv_dispi.inf_amd64_1c83a5d7cffd7bff\nvldumdx.dll:nvldumdx.dll (00007FFE83300000), size: 1056768 (result: 0), SymType: '-deferred-', PDB: '', fileVersion: 27.21.14.5671
C:\Windows\SYSTEM32\cryptnet.dll:cryptnet.dll (00007FFE8D990000), size: 200704 (result: 0), SymType: '-deferred-', PDB: '', fileVersion: 10.0.19041.906
C:\Windows\System32\imagehlp.dll:imagehlp.dll (00007FFE96910000), size: 118784 (result: 0), SymType: '-deferred-', PDB: '', fileVersion: 10.0.19041.546
C:\Windows\SYSTEM32\CRYPTSP.dll:CRYPTSP.dll (00007FFE94B00000), size: 98304 (result: 0), SymType: '-deferred-', PDB: '', fileVersion: 10.0.19041.546
C:\Windows\system32\rsaenh.dll:rsaenh.dll (00007FFE94210000), size: 212992 (result: 0), SymType: '-deferred-', PDB: '', fileVersion: 10.0.19041.1052
C:\Windows\System32\DriverStore\FileRepository\nv_dispi.inf_amd64_1c83a5d7cffd7bff\nvwgf2umx.dll:nvwgf2umx.dll (00007FFE5E480000), size: 44793856 (result: 0), SymType: '-deferred-', PDB: '', fileVersion: 27.21.14.5671
C:\Windows\SYSTEM32\dxcore.dll:dxcore.dll (00007FFE90520000), size: 241664 (result: 0), SymType: '-deferred-', PDB: '', fileVersion: 10.0.19041.546
C:\Windows\system32\wbem\wbemprox.dll:wbemprox.dll (00007FFE85D80000), size: 69632 (result: 0), SymType: '-deferred-', PDB: '', fileVersion: 10.0.19041.1081
C:\Windows\SYSTEM32\wbemcomn.dll:wbemcomn.dll (00007FFE86170000), size: 598016 (result: 0), SymType: '-deferred-', PDB: '', fileVersion: 10.0.19041.1081
C:\Windows\system32\wbem\wbemsvc.dll:wbemsvc.dll (00007FFE85330000), size: 81920 (result: 0), SymType: '-deferred-', PDB: '', fileVersion: 10.0.19041.1081
C:\Windows\system32\wbem\fastprox.dll:fastprox.dll (00007FFE84420000), size: 1093632 (result: 0), SymType: '-deferred-', PDB: '', fileVersion: 10.0.19041.546
C:\Windows\SYSTEM32\amsi.dll:amsi.dll (00007FFE84BB0000), size: 102400 (result: 0), SymType: '-deferred-', PDB: '', fileVersion: 10.0.19041.746
C:\Windows\SYSTEM32\USERENV.dll:USERENV.dll (00007FFE95000000), size: 188416 (result: 0), SymType: '-deferred-', PDB: '', fileVersion: 10.0.19041.572
C:\ProgramData\Microsoft\Windows Defender\Platform\4.18.2107.4-0\MpOav.dll:MpOav.dll (00007FFE84130000), size: 495616 (result: 0), SymType: '-deferred-', PDB: '', fileVersion: 4.18.2107.4
C:\Program Files\Unity\Hub\Editor\2020.3.9f1\Editor\cudart64_90.dll:cudart64_90.dll (00007FFE5AF50000), size: 397312 (result: 0), SymType: '-deferred-', PDB: '', fileVersion: 6.14.11.9000
C:\Windows\SYSTEM32\opencl.dll:opencl.dll (00007FFE44470000), size: 462848 (result: 0), SymType: '-deferred-', PDB: '', fileVersion: 2.2.5.0
C:\Program Files\Unity\Hub\Editor\2020.3.9f1\Editor\radeonrays.dll:radeonrays.dll (00007FFE3C770000), size: 552960 (result: 0), SymType: '-deferred-', PDB: ''
C:\Program Files\Unity\Hub\Editor\2020.3.9f1\Editor\Data\MonoBleedingEdge\EmbedRuntime\mono-2.0-bdwgc.dll:mono-2.0-bdwgc.dll (00007FFDD1050000), size: 7790592 (result: 0), SymType: '-deferred-', PDB: ''
C:\Windows\System32\PSAPI.DLL:PSAPI.DLL (00007FFE97260000), size: 32768 (result: 0), SymType: '-deferred-', PDB: '', fileVersion: 10.0.19041.546
C:\ProgramData\Microsoft\VisualStudio\Setup\x64\Microsoft.VisualStudio.Setup.Configuration.Native.dll:Microsoft.VisualStudio.Setup.Configuration.Native.dll (00007FFE37ED0000), size: 327680 (result: 0), SymType: '-deferred-', PDB: '', fileVersion: 2.7.3111.17308
C:\Windows\system32\apphelp.dll:apphelp.dll (00007FFE929C0000), size: 589824 (result: 0), SymType: '-deferred-', PDB: '', fileVersion: 10.0.19041.928
C:\Windows\SYSTEM32\PROPSYS.dll:PROPSYS.dll (00007FFE90C20000), size: 1007616 (result: 0), SymType: '-deferred-', PDB: '', fileVersion: 7.0.19041.1023
C:\Windows\WinSxS\amd64_microsoft.windows.common-controls_6595b64144ccf1df_6.0.19041.1110_none_60b5254171f9507e\comctl32.dll:comctl32.dll (00007FFE76320000), size: 2727936 (result: 0), SymType: '-deferred-', PDB: '', fileVersion: 6.10.19041.1110
C:\Windows\SYSTEM32\WindowsCodecs.dll:WindowsCodecs.dll (00007FFE84BD0000), size: 1785856 (result: 0), SymType: '-deferred-', PDB: '', fileVersion: 10.0.19041.1151
C:\Windows\System32\thumbcache.dll:thumbcache.dll (00007FFE8A6A0000), size: 417792 (result: 0), SymType: '-deferred-', PDB: '', fileVersion: 10.0.19041.1151
C:\Windows\SYSTEM32\policymanager.dll:policymanager.dll (00007FFE90D30000), size: 655360 (result: 0), SymType: '-deferred-', PDB: '', fileVersion: 10.0.19041.1151
C:\Windows\SYSTEM32\msvcp110_win.dll:msvcp110_win.dll (00007FFE942A0000), size: 565248 (result: 0), SymType: '-deferred-', PDB: '', fileVersion: 10.0.19041.546
C:\Windows\System32\MrmCoreR.dll:MrmCoreR.dll (00007FFE86CE0000), size: 1003520 (result: 0), SymType: '-deferred-', PDB: '', fileVersion: 10.0.19041.1023
C:\Windows\System32\iertutil.dll:iertutil.dll (00007FFE88710000), size: 2818048 (result: 0), SymType: '-deferred-', PDB: '', fileVersion: 11.0.19041.1081
C:\Windows\SYSTEM32\windows.staterepositorycore.dll:windows.staterepositorycore.dll (00007FFE8A5F0000), size: 69632 (result: 0), SymType: '-deferred-', PDB: '', fileVersion: 10.0.19041.844
C:\Windows\System32\bcp47mrm.dll:bcp47mrm.dll (00007FFE7EBE0000), size: 184320 (result: 0), SymType: '-deferred-', PDB: '', fileVersion: 10.0.19041.867
C:\Windows\System32\Windows.UI.dll:Windows.UI.dll (00007FFE7EEA0000), size: 1314816 (result: 0), SymType: '-deferred-', PDB: '', fileVersion: 10.0.19041.746
C:\Windows\System32\WindowManagementAPI.dll:WindowManagementAPI.dll (00007FFE84F00000), size: 659456 (result: 0), SymType: '-deferred-', PDB: ''
C:\Windows\System32\TextInputFramework.dll:TextInputFramework.dll (00007FFE7EDA0000), size: 1019904 (result: 0), SymType: '-deferred-', PDB: '', fileVersion: 10.0.19041.1151
C:\Windows\System32\InputHost.dll:InputHost.dll (00007FFE7EC40000), size: 1384448 (result: 0), SymType: '-deferred-', PDB: '', fileVersion: 10.0.19041.906
C:\Windows\SYSTEM32\wintypes.dll:wintypes.dll (00007FFE910D0000), size: 1392640 (result: 0), SymType: '-deferred-', PDB: '', fileVersion: 10.0.19041.1081
C:\Windows\SYSTEM32\twinapi.appcore.dll:twinapi.appcore.dll (00007FFE8DC80000), size: 2101248 (result: 0), SymType: '-deferred-', PDB: '', fileVersion: 10.0.19041.964
C:\Windows\System32\CoreMessaging.dll:CoreMessaging.dll (00007FFE92790000), size: 991232 (result: 0), SymType: '-deferred-', PDB: '', fileVersion: 10.0.19041.746
C:\Windows\System32\CoreUIComponents.dll:CoreUIComponents.dll (00007FFE92430000), size: 3530752 (result: 0), SymType: '-deferred-', PDB: '', fileVersion: 10.0.19041.546
C:\Windows\SYSTEM32\ntmarta.dll:ntmarta.dll (00007FFE93E40000), size: 208896 (result: 0), SymType: '-deferred-', PDB: '', fileVersion: 10.0.19041.546
C:\Windows\WinSxS\amd64_microsoft.windows.gdiplus_6595b64144ccf1df_1.1.19041.1151_none_91a40286cc884949\gdiplus.dll:gdiplus.dll (00007FFE85140000), size: 1740800 (result: 0), SymType: '-deferred-', PDB: '', fileVersion: 10.0.19041.1151
C:\Windows\System32\MSCTF.dll:MSCTF.dll (00007FFE973A0000), size: 1134592 (result: 0), SymType: '-deferred-', PDB: '', fileVersion: 10.0.19041.1081
C:\Windows\SYSTEM32\edputil.dll:edputil.dll (00007FFE7E680000), size: 147456 (result: 0), SymType: '-deferred-', PDB: '', fileVersion: 10.0.19041.546
C:\Windows\System32\Windows.StateRepositoryPS.dll:Windows.StateRepositoryPS.dll (00007FFE883F0000), size: 1335296 (result: 0), SymType: '-deferred-', PDB: '', fileVersion: 10.0.19041.844
C:\Windows\SYSTEM32\dbghelp.dll:dbghelp.dll (00007FFE8D270000), size: 1982464 (result: 0), SymType: '-deferred-', PDB: '', fileVersion: 10.0.19041.867

========== OUTPUTTING STACK TRACE ==================

0x00007FFE957D4ED9 (KERNELBASE) RaiseException
0x00007FF7EE282FFD (Unity) EditorMonoConsole::LogToConsoleImplementation
0x00007FF7EE283F6B (Unity) EditorMonoConsole::LogToConsoleImplementation
0x00007FF7EFE569BE (Unity) DebugStringToFilePostprocessedStacktrace
0x00007FF7EFE55F6F (Unity) DebugStringToFile
0x00007FF7EBDB4423 (Unity) CallbackArraySubBase<void (__cdecl*)(MemoryManager::AllocationLogDetails const & __ptr64)>::Register
0x00007FF7EEA554B9 (Unity) LoadDomainAndUserAssemblies
0x00007FF7EEA5596E (Unity) LoadUserAssemblies
0x00007FF7EEEBE238 (Unity) <lambda_32ff519d5c36f44c8f28c9876d6db935>::operator()
0x00007FF7EEF61F52 (Unity) asio::detail::completion_handler<core::mutable_function<void __cdecl(void)> >::do_complete
0x00007FF7EEF640B0 (Unity) asio::detail::win_iocp_io_service::do_one
0x00007FF7EEF6783E (Unity) asio::io_service::run
0x00007FF7EEEEAEEB (Unity) RunAssetImportWorkerClientV2
0x00007FF7EEEEAF40 (Unity) RunAssetImporterV2
0x00007FF7EE3DC0C6 (Unity) Application::InitializeProject
0x00007FF7EED5FA12 (Unity) WinMain
0x00007FF7F0BB0EF6 (Unity) __scrt_common_main_seh
0x00007FFE97927034 (KERNEL32) BaseThreadInitThunk
0x00007FFE97A62651 (ntdll) RtlUserThreadStart

========== END OF STACKTRACE ===========

A crash has been intercepted by the crash handler. For call stack and other details, see the latest crash report generated in:
 * C:/Users/Alessia/AppData/Local/Temp/Unity/Editor/Crashes
