Using pre-set license
Built from '2020.3/staging' branch; Version is '2020.3.9f1 (108be757e447) revision 1084391'; Using compiler version '192528614'; Build Type 'Release'
OS: 'Windows 10 Pro; OS build 19041.1052; Version 2004; 64bit' Language: 'en' Physical Memory: 32682 MB
BatchMode: 1, IsHumanControllingUs: 0, StartBugReporterOnCrash: 0, Is64bit: 1, IsPro: 0

 COMMAND LINE ARGUMENTS:
C:\Program Files\Unity\Hub\Editor\2020.3.9f1\Editor\Unity.exe
-adb2
-batchMode
-noUpm
-name
AssetImportWorker1
-projectPath
C:/Users/Alessia/Desktop/Thesis Project/Thesis/HDRP Vampire Game
-logFile
Logs/AssetImportWorker1.log
-srvPort
63188
Successfully changed project path to: C:/Users/Alessia/Desktop/Thesis Project/Thesis/HDRP Vampire Game
C:/Users/Alessia/Desktop/Thesis Project/Thesis/HDRP Vampire Game
Using Asset Import Pipeline V2.
Refreshing native plugins compatible for Editor in 70.28 ms, found 0 plugins.
Preloading 0 native plugins for Editor in 0.00 ms.
Initialize engine version: 2020.3.9f1 (108be757e447)
[Subsystems] Discovering subsystems at path C:/Program Files/Unity/Hub/Editor/2020.3.9f1/Editor/Data/Resources/UnitySubsystems
[Subsystems] Discovering subsystems at path C:/Users/Alessia/Desktop/Thesis Project/Thesis/HDRP Vampire Game/Assets
GfxDevice: creating device client; threaded=0
Direct3D:
    Version:  Direct3D 11.0 [level 11.1]
    Renderer: NVIDIA GeForce RTX 2060 SUPER (ID=0x1f06)
    Vendor:   
    VRAM:     8031 MB
    Driver:   27.21.14.5671
Initialize mono
Mono path[0] = 'C:/Program Files/Unity/Hub/Editor/2020.3.9f1/Editor/Data/Managed'
Mono path[1] = 'C:/Program Files/Unity/Hub/Editor/2020.3.9f1/Editor/Data/MonoBleedingEdge/lib/mono/unityjit'
Mono config path = 'C:/Program Files/Unity/Hub/Editor/2020.3.9f1/Editor/Data/MonoBleedingEdge/etc'
Using monoOptions --debugger-agent=transport=dt_socket,embedding=1,server=y,suspend=n,address=127.0.0.1:56644
Begin MonoManager ReloadAssembly
Registering precompiled unity dll's ...
Register platform support module: C:/Program Files/Unity/Hub/Editor/2020.3.9f1/Editor/Data/PlaybackEngines/WindowsStandaloneSupport/UnityEditor.WindowsStandalone.Extensions.dll
Registered in 0.001721 seconds.
Native extension for WindowsStandalone target not found
Refreshing native plugins compatible for Editor in 76.43 ms, found 0 plugins.
Preloading 0 native plugins for Editor in 0.00 ms.
Mono: successfully reloaded assembly
- Completed reload, in  1.531 seconds
Platform modules already initialized, skipping
Registering precompiled user dll's ...
Registered in 0.001487 seconds.
Begin MonoManager ReloadAssembly
Native extension for WindowsStandalone target not found
Refreshing native plugins compatible for Editor in 97.75 ms, found 0 plugins.
Preloading 0 native plugins for Editor in 0.00 ms.
Mono: successfully reloaded assembly
- Completed reload, in  2.391 seconds
Platform modules already initialized, skipping
========================================================================
Worker process is ready to serve import requests
Launched and connected shader compiler UnityShaderCompiler.exe after 0.04 seconds
Refreshing native plugins compatible for Editor in 0.92 ms, found 0 plugins.
Preloading 0 native plugins for Editor in 0.00 ms.
Unloading 3864 Unused Serialized files (Serialized files now loaded: 0)
System memory in use before: 187.9 MB.
System memory in use after: 188.1 MB.

Unloading 13 unused Assets to reduce memory usage. Loaded Objects now: 4326.
Total: 3.549500 ms (FindLiveObjects: 0.706000 ms CreateObjectMapping: 0.215200 ms MarkObjects: 2.544300 ms  DeleteObjects: 0.082800 ms)

========================================================================
Received Import Request.
  path: Assets/Editor/CreateCustomObjects.cs
  artifactKey: Guid(235a8f6f006e225449050ba4e215f356) Importer(815301076,1909f56bfc062723c751e8b465ee728b)
Start importing Assets/Editor/CreateCustomObjects.cs using Guid(235a8f6f006e225449050ba4e215f356) Importer(815301076,1909f56bfc062723c751e8b465ee728b)  -> (artifact id: 'fcaeed9a5426078c80f4f45ad58c997c') in 0.035062 seconds
  Import took 0.043155 seconds .

========================================================================
Received Prepare
Registering precompiled user dll's ...
Registered in 0.001737 seconds.
Begin MonoManager ReloadAssembly
Native extension for WindowsStandalone target not found
Refreshing native plugins compatible for Editor in 1.43 ms, found 0 plugins.
Preloading 0 native plugins for Editor in 0.00 ms.
Mono: successfully reloaded assembly
- Completed reload, in  1.096 seconds
Platform modules already initialized, skipping
Refreshing native plugins compatible for Editor in 1.07 ms, found 0 plugins.
Preloading 0 native plugins for Editor in 0.00 ms.
Unloading 3567 Unused Serialized files (Serialized files now loaded: 0)
System memory in use before: 171.7 MB.
System memory in use after: 172.0 MB.

Unloading 6 unused Assets to reduce memory usage. Loaded Objects now: 4329.
Total: 3.041900 ms (FindLiveObjects: 0.451300 ms CreateObjectMapping: 0.098200 ms MarkObjects: 2.471800 ms  DeleteObjects: 0.018900 ms)

========================================================================
Received Import Request.
  Time since last request: 42.061908 seconds.
  path: Assets/Editor/CreateCustomObjects.cs
  artifactKey: Guid(235a8f6f006e225449050ba4e215f356) Importer(815301076,1909f56bfc062723c751e8b465ee728b)
Start importing Assets/Editor/CreateCustomObjects.cs using Guid(235a8f6f006e225449050ba4e215f356) Importer(815301076,1909f56bfc062723c751e8b465ee728b)  -> (artifact id: 'e75130a7042dd8fcc846cb4e44ae164d') in 0.006991 seconds
  Import took 0.013235 seconds .

========================================================================
Received Prepare
Registering precompiled user dll's ...
Registered in 0.002344 seconds.
Begin MonoManager ReloadAssembly
Native extension for WindowsStandalone target not found
Refreshing native plugins compatible for Editor in 0.94 ms, found 0 plugins.
Preloading 0 native plugins for Editor in 0.00 ms.
Mono: successfully reloaded assembly
- Completed reload, in  1.042 seconds
Platform modules already initialized, skipping
Refreshing native plugins compatible for Editor in 0.83 ms, found 0 plugins.
Preloading 0 native plugins for Editor in 0.00 ms.
Unloading 3567 Unused Serialized files (Serialized files now loaded: 0)
System memory in use before: 171.8 MB.
System memory in use after: 172.0 MB.

Unloading 6 unused Assets to reduce memory usage. Loaded Objects now: 4332.
Total: 2.916500 ms (FindLiveObjects: 0.536500 ms CreateObjectMapping: 0.120700 ms MarkObjects: 2.242200 ms  DeleteObjects: 0.016000 ms)

========================================================================
Received Prepare
Registering precompiled user dll's ...
Registered in 0.001937 seconds.
Begin MonoManager ReloadAssembly
Native extension for WindowsStandalone target not found
Refreshing native plugins compatible for Editor in 0.88 ms, found 0 plugins.
Preloading 0 native plugins for Editor in 0.00 ms.
Mono: successfully reloaded assembly
- Completed reload, in  1.068 seconds
Platform modules already initialized, skipping
Refreshing native plugins compatible for Editor in 0.79 ms, found 0 plugins.
Preloading 0 native plugins for Editor in 0.00 ms.
Unloading 3567 Unused Serialized files (Serialized files now loaded: 0)
System memory in use before: 171.8 MB.
System memory in use after: 172.1 MB.

Unloading 6 unused Assets to reduce memory usage. Loaded Objects now: 4335.
Total: 3.066400 ms (FindLiveObjects: 0.418700 ms CreateObjectMapping: 0.110900 ms MarkObjects: 2.520500 ms  DeleteObjects: 0.015100 ms)

========================================================================
Received Prepare
Registering precompiled user dll's ...
Registered in 0.001940 seconds.
Begin MonoManager ReloadAssembly
Native extension for WindowsStandalone target not found
Refreshing native plugins compatible for Editor in 0.81 ms, found 0 plugins.
Preloading 0 native plugins for Editor in 0.00 ms.
Mono: successfully reloaded assembly
- Completed reload, in  1.041 seconds
Platform modules already initialized, skipping
Refreshing native plugins compatible for Editor in 0.93 ms, found 0 plugins.
Preloading 0 native plugins for Editor in 0.00 ms.
Unloading 3567 Unused Serialized files (Serialized files now loaded: 0)
System memory in use before: 171.8 MB.
System memory in use after: 172.1 MB.

Unloading 6 unused Assets to reduce memory usage. Loaded Objects now: 4338.
Total: 3.208800 ms (FindLiveObjects: 0.517200 ms CreateObjectMapping: 0.097800 ms MarkObjects: 2.571800 ms  DeleteObjects: 0.020100 ms)

========================================================================
Received Prepare
Registering precompiled user dll's ...
Registered in 0.001697 seconds.
Begin MonoManager ReloadAssembly
Native extension for WindowsStandalone target not found
Refreshing native plugins compatible for Editor in 0.87 ms, found 0 plugins.
Preloading 0 native plugins for Editor in 0.00 ms.
Mono: successfully reloaded assembly
- Completed reload, in  1.018 seconds
Platform modules already initialized, skipping
Refreshing native plugins compatible for Editor in 0.82 ms, found 0 plugins.
Preloading 0 native plugins for Editor in 0.00 ms.
Unloading 3568 Unused Serialized files (Serialized files now loaded: 0)
System memory in use before: 171.9 MB.
System memory in use after: 172.1 MB.

Unloading 6 unused Assets to reduce memory usage. Loaded Objects now: 4342.
Total: 3.051200 ms (FindLiveObjects: 0.481400 ms CreateObjectMapping: 0.097200 ms MarkObjects: 2.454200 ms  DeleteObjects: 0.017100 ms)

========================================================================
Received Prepare
Registering precompiled user dll's ...
Registered in 0.001680 seconds.
Begin MonoManager ReloadAssembly
Native extension for WindowsStandalone target not found
Refreshing native plugins compatible for Editor in 0.93 ms, found 0 plugins.
Preloading 0 native plugins for Editor in 0.00 ms.
Mono: successfully reloaded assembly
- Completed reload, in  0.970 seconds
Platform modules already initialized, skipping
Refreshing native plugins compatible for Editor in 0.79 ms, found 0 plugins.
Preloading 0 native plugins for Editor in 0.00 ms.
Unloading 3568 Unused Serialized files (Serialized files now loaded: 0)
System memory in use before: 171.9 MB.
System memory in use after: 172.1 MB.

Unloading 6 unused Assets to reduce memory usage. Loaded Objects now: 4345.
Total: 2.748000 ms (FindLiveObjects: 0.397300 ms CreateObjectMapping: 0.114300 ms MarkObjects: 2.220800 ms  DeleteObjects: 0.014100 ms)

========================================================================
Received Prepare
Registering precompiled user dll's ...
Registered in 0.002211 seconds.
Begin MonoManager ReloadAssembly
Native extension for WindowsStandalone target not found
Refreshing native plugins compatible for Editor in 0.78 ms, found 0 plugins.
Preloading 0 native plugins for Editor in 0.00 ms.
Mono: successfully reloaded assembly
- Completed reload, in  0.948 seconds
Platform modules already initialized, skipping
Refreshing native plugins compatible for Editor in 0.80 ms, found 0 plugins.
Preloading 0 native plugins for Editor in 0.00 ms.
Unloading 3568 Unused Serialized files (Serialized files now loaded: 0)
System memory in use before: 171.9 MB.
System memory in use after: 172.2 MB.

Unloading 6 unused Assets to reduce memory usage. Loaded Objects now: 4348.
Total: 3.223700 ms (FindLiveObjects: 0.464900 ms CreateObjectMapping: 0.097100 ms MarkObjects: 2.642600 ms  DeleteObjects: 0.017600 ms)

========================================================================
Received Prepare
Registering precompiled user dll's ...
Registered in 0.002567 seconds.
Begin MonoManager ReloadAssembly
Native extension for WindowsStandalone target not found
Refreshing native plugins compatible for Editor in 0.88 ms, found 0 plugins.
Preloading 0 native plugins for Editor in 0.00 ms.
Mono: successfully reloaded assembly
- Completed reload, in  1.069 seconds
Platform modules already initialized, skipping
Refreshing native plugins compatible for Editor in 1.07 ms, found 0 plugins.
Preloading 0 native plugins for Editor in 0.00 ms.
Unloading 3568 Unused Serialized files (Serialized files now loaded: 0)
System memory in use before: 171.9 MB.
System memory in use after: 172.2 MB.

Unloading 6 unused Assets to reduce memory usage. Loaded Objects now: 4351.
Total: 2.644800 ms (FindLiveObjects: 0.368600 ms CreateObjectMapping: 0.095300 ms MarkObjects: 2.165200 ms  DeleteObjects: 0.014500 ms)

========================================================================
Received Prepare
Registering precompiled user dll's ...
Registered in 0.001993 seconds.
Begin MonoManager ReloadAssembly
Native extension for WindowsStandalone target not found
Refreshing native plugins compatible for Editor in 0.81 ms, found 0 plugins.
Preloading 0 native plugins for Editor in 0.00 ms.
Mono: successfully reloaded assembly
- Completed reload, in  0.956 seconds
Platform modules already initialized, skipping
Refreshing native plugins compatible for Editor in 0.80 ms, found 0 plugins.
Preloading 0 native plugins for Editor in 0.00 ms.
Unloading 3568 Unused Serialized files (Serialized files now loaded: 0)
System memory in use before: 171.9 MB.
System memory in use after: 172.2 MB.

Unloading 6 unused Assets to reduce memory usage. Loaded Objects now: 4354.
Total: 3.575800 ms (FindLiveObjects: 0.436200 ms CreateObjectMapping: 0.095900 ms MarkObjects: 3.018000 ms  DeleteObjects: 0.023400 ms)

========================================================================
Received Prepare
Registering precompiled user dll's ...
Registered in 0.001910 seconds.
Begin MonoManager ReloadAssembly
Native extension for WindowsStandalone target not found
Refreshing native plugins compatible for Editor in 0.83 ms, found 0 plugins.
Preloading 0 native plugins for Editor in 0.00 ms.
Mono: successfully reloaded assembly
- Completed reload, in  1.005 seconds
Platform modules already initialized, skipping
Refreshing native plugins compatible for Editor in 0.98 ms, found 0 plugins.
Preloading 0 native plugins for Editor in 0.00 ms.
Unloading 3568 Unused Serialized files (Serialized files now loaded: 0)
System memory in use before: 171.9 MB.
System memory in use after: 172.2 MB.

Unloading 6 unused Assets to reduce memory usage. Loaded Objects now: 4357.
Total: 2.789400 ms (FindLiveObjects: 0.391000 ms CreateObjectMapping: 0.100900 ms MarkObjects: 2.281200 ms  DeleteObjects: 0.014600 ms)

========================================================================
Received Prepare
Registering precompiled user dll's ...
Registered in 0.001648 seconds.
Begin MonoManager ReloadAssembly
Native extension for WindowsStandalone target not found
Refreshing native plugins compatible for Editor in 0.79 ms, found 0 plugins.
Preloading 0 native plugins for Editor in 0.00 ms.
Mono: successfully reloaded assembly
- Completed reload, in  0.975 seconds
Platform modules already initialized, skipping
Refreshing native plugins compatible for Editor in 0.83 ms, found 0 plugins.
Preloading 0 native plugins for Editor in 0.00 ms.
Unloading 3568 Unused Serialized files (Serialized files now loaded: 0)
System memory in use before: 171.9 MB.
System memory in use after: 172.2 MB.

Unloading 6 unused Assets to reduce memory usage. Loaded Objects now: 4360.
Total: 2.944400 ms (FindLiveObjects: 0.457300 ms CreateObjectMapping: 0.107700 ms MarkObjects: 2.356400 ms  DeleteObjects: 0.021500 ms)

========================================================================
Received Prepare
Registering precompiled user dll's ...
Registered in 0.001715 seconds.
Begin MonoManager ReloadAssembly
Native extension for WindowsStandalone target not found
Refreshing native plugins compatible for Editor in 0.79 ms, found 0 plugins.
Preloading 0 native plugins for Editor in 0.00 ms.
Mono: successfully reloaded assembly
- Completed reload, in  0.965 seconds
Platform modules already initialized, skipping
Refreshing native plugins compatible for Editor in 1.44 ms, found 0 plugins.
Preloading 0 native plugins for Editor in 0.00 ms.
Unloading 3568 Unused Serialized files (Serialized files now loaded: 0)
System memory in use before: 171.9 MB.
System memory in use after: 172.2 MB.

Unloading 6 unused Assets to reduce memory usage. Loaded Objects now: 4363.
Total: 3.413400 ms (FindLiveObjects: 0.592100 ms CreateObjectMapping: 0.180700 ms MarkObjects: 2.618800 ms  DeleteObjects: 0.019700 ms)

========================================================================
Received Prepare
Registering precompiled user dll's ...
Registered in 0.001736 seconds.
Begin MonoManager ReloadAssembly
Native extension for WindowsStandalone target not found
Refreshing native plugins compatible for Editor in 0.87 ms, found 0 plugins.
Preloading 0 native plugins for Editor in 0.00 ms.
Mono: successfully reloaded assembly
- Completed reload, in  0.970 seconds
Platform modules already initialized, skipping
Refreshing native plugins compatible for Editor in 0.79 ms, found 0 plugins.
Preloading 0 native plugins for Editor in 0.00 ms.
Unloading 3568 Unused Serialized files (Serialized files now loaded: 0)
System memory in use before: 172.0 MB.
System memory in use after: 172.2 MB.

Unloading 6 unused Assets to reduce memory usage. Loaded Objects now: 4366.
Total: 3.413700 ms (FindLiveObjects: 0.455900 ms CreateObjectMapping: 0.113800 ms MarkObjects: 2.823800 ms  DeleteObjects: 0.017700 ms)

========================================================================
Received Import Request.
  Time since last request: 700.016154 seconds.
  path: Assets/Editor/CustomInspector.cs
  artifactKey: Guid(0149b68dda273cd4385335a21be68e91) Importer(815301076,1909f56bfc062723c751e8b465ee728b)
Start importing Assets/Editor/CustomInspector.cs using Guid(0149b68dda273cd4385335a21be68e91) Importer(815301076,1909f56bfc062723c751e8b465ee728b)  -> (artifact id: '70c59eccba8de66a094f53b67ebd6584') in 0.012928 seconds
  Import took 0.020779 seconds .

========================================================================
Received Prepare
Registering precompiled user dll's ...
Registered in 0.001816 seconds.
Begin MonoManager ReloadAssembly
Native extension for WindowsStandalone target not found
Refreshing native plugins compatible for Editor in 0.92 ms, found 0 plugins.
Preloading 0 native plugins for Editor in 0.00 ms.
Mono: successfully reloaded assembly
- Completed reload, in  1.010 seconds
Platform modules already initialized, skipping
Refreshing native plugins compatible for Editor in 0.79 ms, found 0 plugins.
Preloading 0 native plugins for Editor in 0.00 ms.
Unloading 3569 Unused Serialized files (Serialized files now loaded: 0)
System memory in use before: 172.0 MB.
System memory in use after: 172.2 MB.

Unloading 6 unused Assets to reduce memory usage. Loaded Objects now: 4370.
Total: 2.738100 ms (FindLiveObjects: 0.420700 ms CreateObjectMapping: 0.109600 ms MarkObjects: 2.191100 ms  DeleteObjects: 0.015700 ms)

========================================================================
Received Import Request.
  Time since last request: 13.121485 seconds.
  path: Assets/Editor/CustomInspector.cs
  artifactKey: Guid(0149b68dda273cd4385335a21be68e91) Importer(815301076,1909f56bfc062723c751e8b465ee728b)
Start importing Assets/Editor/CustomInspector.cs using Guid(0149b68dda273cd4385335a21be68e91) Importer(815301076,1909f56bfc062723c751e8b465ee728b)  -> (artifact id: 'f11fd66c952ff29e6169f6bb6a3b45be') in 0.007112 seconds
  Import took 0.014772 seconds .

========================================================================
Received Prepare
Registering precompiled user dll's ...
Registered in 0.001691 seconds.
Begin MonoManager ReloadAssembly
Native extension for WindowsStandalone target not found
Refreshing native plugins compatible for Editor in 0.83 ms, found 0 plugins.
Preloading 0 native plugins for Editor in 0.00 ms.
Mono: successfully reloaded assembly
- Completed reload, in  0.991 seconds
Platform modules already initialized, skipping
Refreshing native plugins compatible for Editor in 1.25 ms, found 0 plugins.
Preloading 0 native plugins for Editor in 0.00 ms.
Unloading 3569 Unused Serialized files (Serialized files now loaded: 0)
System memory in use before: 172.0 MB.
System memory in use after: 172.2 MB.

Unloading 6 unused Assets to reduce memory usage. Loaded Objects now: 4373.
Total: 3.424800 ms (FindLiveObjects: 0.431600 ms CreateObjectMapping: 0.102300 ms MarkObjects: 2.867500 ms  DeleteObjects: 0.021900 ms)

========================================================================
Received Import Request.
  Time since last request: 19.128231 seconds.
  path: Assets/Editor/CustomInspector.cs
  artifactKey: Guid(0149b68dda273cd4385335a21be68e91) Importer(815301076,1909f56bfc062723c751e8b465ee728b)
Start importing Assets/Editor/CustomInspector.cs using Guid(0149b68dda273cd4385335a21be68e91) Importer(815301076,1909f56bfc062723c751e8b465ee728b)  -> (artifact id: '3d9c14f1ecaf6fc0c4b26a9e5132aa7c') in 0.007661 seconds
  Import took 0.014459 seconds .

========================================================================
Received Prepare
Registering precompiled user dll's ...
Registered in 0.001713 seconds.
Begin MonoManager ReloadAssembly
Native extension for WindowsStandalone target not found
Refreshing native plugins compatible for Editor in 0.77 ms, found 0 plugins.
Preloading 0 native plugins for Editor in 0.00 ms.
Mono: successfully reloaded assembly
- Completed reload, in  1.020 seconds
Platform modules already initialized, skipping
Refreshing native plugins compatible for Editor in 0.81 ms, found 0 plugins.
Preloading 0 native plugins for Editor in 0.00 ms.
Unloading 3569 Unused Serialized files (Serialized files now loaded: 0)
System memory in use before: 172.0 MB.
System memory in use after: 172.2 MB.

Unloading 6 unused Assets to reduce memory usage. Loaded Objects now: 4376.
Total: 3.963400 ms (FindLiveObjects: 0.498300 ms CreateObjectMapping: 0.104500 ms MarkObjects: 3.336100 ms  DeleteObjects: 0.022200 ms)

========================================================================
Received Import Request.
  Time since last request: 47.735494 seconds.
  path: Assets/Editor/CustomInspector.cs
  artifactKey: Guid(0149b68dda273cd4385335a21be68e91) Importer(815301076,1909f56bfc062723c751e8b465ee728b)
Start importing Assets/Editor/CustomInspector.cs using Guid(0149b68dda273cd4385335a21be68e91) Importer(815301076,1909f56bfc062723c751e8b465ee728b)  -> (artifact id: '1af751e3f8e758d5584496fba2c22c18') in 0.007280 seconds
  Import took 0.013565 seconds .

========================================================================
Received Prepare
Registering precompiled user dll's ...
Registered in 0.001586 seconds.
Begin MonoManager ReloadAssembly
Native extension for WindowsStandalone target not found
Refreshing native plugins compatible for Editor in 1.52 ms, found 0 plugins.
Preloading 0 native plugins for Editor in 0.00 ms.
Mono: successfully reloaded assembly
- Completed reload, in  0.966 seconds
Platform modules already initialized, skipping
Refreshing native plugins compatible for Editor in 0.82 ms, found 0 plugins.
Preloading 0 native plugins for Editor in 0.00 ms.
Unloading 3569 Unused Serialized files (Serialized files now loaded: 0)
System memory in use before: 172.0 MB.
System memory in use after: 172.3 MB.

Unloading 6 unused Assets to reduce memory usage. Loaded Objects now: 4379.
Total: 2.926300 ms (FindLiveObjects: 0.497000 ms CreateObjectMapping: 0.176700 ms MarkObjects: 2.236200 ms  DeleteObjects: 0.014700 ms)

========================================================================
Received Prepare
Registering precompiled user dll's ...
Registered in 0.001849 seconds.
Begin MonoManager ReloadAssembly
Native extension for WindowsStandalone target not found
Refreshing native plugins compatible for Editor in 0.77 ms, found 0 plugins.
Preloading 0 native plugins for Editor in 0.00 ms.
Mono: successfully reloaded assembly
- Completed reload, in  1.058 seconds
Platform modules already initialized, skipping
Refreshing native plugins compatible for Editor in 0.90 ms, found 0 plugins.
Preloading 0 native plugins for Editor in 0.00 ms.
Unloading 3569 Unused Serialized files (Serialized files now loaded: 0)
System memory in use before: 172.0 MB.
System memory in use after: 172.3 MB.

Unloading 6 unused Assets to reduce memory usage. Loaded Objects now: 4382.
Total: 2.779900 ms (FindLiveObjects: 0.417300 ms CreateObjectMapping: 0.099000 ms MarkObjects: 2.247300 ms  DeleteObjects: 0.015200 ms)

========================================================================
Received Prepare
Registering precompiled user dll's ...
Registered in 0.001786 seconds.
Begin MonoManager ReloadAssembly
Native extension for WindowsStandalone target not found
Refreshing native plugins compatible for Editor in 0.79 ms, found 0 plugins.
Preloading 0 native plugins for Editor in 0.00 ms.
Mono: successfully reloaded assembly
- Completed reload, in  0.986 seconds
Platform modules already initialized, skipping
Refreshing native plugins compatible for Editor in 0.87 ms, found 0 plugins.
Preloading 0 native plugins for Editor in 0.00 ms.
Unloading 3569 Unused Serialized files (Serialized files now loaded: 0)
System memory in use before: 172.0 MB.
System memory in use after: 172.3 MB.

Unloading 6 unused Assets to reduce memory usage. Loaded Objects now: 4385.
Total: 3.345200 ms (FindLiveObjects: 0.446600 ms CreateObjectMapping: 0.097100 ms MarkObjects: 2.780200 ms  DeleteObjects: 0.019000 ms)

========================================================================
Received Prepare
Registering precompiled user dll's ...
Registered in 0.001731 seconds.
Begin MonoManager ReloadAssembly
Native extension for WindowsStandalone target not found
Refreshing native plugins compatible for Editor in 0.81 ms, found 0 plugins.
Preloading 0 native plugins for Editor in 0.00 ms.
Mono: successfully reloaded assembly
- Completed reload, in  0.956 seconds
Platform modules already initialized, skipping
Refreshing native plugins compatible for Editor in 0.80 ms, found 0 plugins.
Preloading 0 native plugins for Editor in 0.00 ms.
Unloading 3569 Unused Serialized files (Serialized files now loaded: 0)
System memory in use before: 172.0 MB.
System memory in use after: 172.3 MB.

Unloading 6 unused Assets to reduce memory usage. Loaded Objects now: 4388.
Total: 3.259700 ms (FindLiveObjects: 0.439500 ms CreateObjectMapping: 0.095800 ms MarkObjects: 2.703800 ms  DeleteObjects: 0.018900 ms)

========================================================================
Received Prepare
Registering precompiled user dll's ...
Registered in 0.001918 seconds.
Begin MonoManager ReloadAssembly
Native extension for WindowsStandalone target not found
Refreshing native plugins compatible for Editor in 0.93 ms, found 0 plugins.
Preloading 0 native plugins for Editor in 0.00 ms.
Mono: successfully reloaded assembly
- Completed reload, in  0.969 seconds
Platform modules already initialized, skipping
Refreshing native plugins compatible for Editor in 0.80 ms, found 0 plugins.
Preloading 0 native plugins for Editor in 0.00 ms.
Unloading 3569 Unused Serialized files (Serialized files now loaded: 0)
System memory in use before: 172.0 MB.
System memory in use after: 172.3 MB.

Unloading 6 unused Assets to reduce memory usage. Loaded Objects now: 4391.
Total: 2.794600 ms (FindLiveObjects: 0.397300 ms CreateObjectMapping: 0.100300 ms MarkObjects: 2.281100 ms  DeleteObjects: 0.014700 ms)

========================================================================
Received Prepare
Registering precompiled user dll's ...
Registered in 0.002040 seconds.
Begin MonoManager ReloadAssembly
Native extension for WindowsStandalone target not found
Refreshing native plugins compatible for Editor in 0.91 ms, found 0 plugins.
Preloading 0 native plugins for Editor in 0.00 ms.
Mono: successfully reloaded assembly
- Completed reload, in  1.004 seconds
Platform modules already initialized, skipping
Refreshing native plugins compatible for Editor in 0.79 ms, found 0 plugins.
Preloading 0 native plugins for Editor in 0.00 ms.
Unloading 3569 Unused Serialized files (Serialized files now loaded: 0)
System memory in use before: 172.0 MB.
System memory in use after: 172.3 MB.

Unloading 6 unused Assets to reduce memory usage. Loaded Objects now: 4394.
Total: 2.817900 ms (FindLiveObjects: 0.437700 ms CreateObjectMapping: 0.101900 ms MarkObjects: 2.262800 ms  DeleteObjects: 0.014600 ms)

========================================================================
Received Prepare
Registering precompiled user dll's ...
Registered in 0.002397 seconds.
Begin MonoManager ReloadAssembly
Native extension for WindowsStandalone target not found
Refreshing native plugins compatible for Editor in 0.87 ms, found 0 plugins.
Preloading 0 native plugins for Editor in 0.00 ms.
Mono: successfully reloaded assembly
- Completed reload, in  1.014 seconds
Platform modules already initialized, skipping
Refreshing native plugins compatible for Editor in 0.80 ms, found 0 plugins.
Preloading 0 native plugins for Editor in 0.00 ms.
Unloading 3569 Unused Serialized files (Serialized files now loaded: 0)
System memory in use before: 172.0 MB.
System memory in use after: 172.3 MB.

Unloading 6 unused Assets to reduce memory usage. Loaded Objects now: 4397.
Total: 2.795800 ms (FindLiveObjects: 0.477400 ms CreateObjectMapping: 0.177000 ms MarkObjects: 2.125700 ms  DeleteObjects: 0.013900 ms)

========================================================================
Received Prepare
Registering precompiled user dll's ...
Registered in 0.001673 seconds.
Begin MonoManager ReloadAssembly
Native extension for WindowsStandalone target not found
Refreshing native plugins compatible for Editor in 0.86 ms, found 0 plugins.
Preloading 0 native plugins for Editor in 0.00 ms.
Mono: successfully reloaded assembly
- Completed reload, in  0.986 seconds
Platform modules already initialized, skipping
Refreshing native plugins compatible for Editor in 0.85 ms, found 0 plugins.
Preloading 0 native plugins for Editor in 0.00 ms.
Unloading 3569 Unused Serialized files (Serialized files now loaded: 0)
System memory in use before: 172.1 MB.
System memory in use after: 172.3 MB.

Unloading 6 unused Assets to reduce memory usage. Loaded Objects now: 4400.
Total: 3.168700 ms (FindLiveObjects: 0.458200 ms CreateObjectMapping: 0.104100 ms MarkObjects: 2.583000 ms  DeleteObjects: 0.021000 ms)

========================================================================
Received Prepare
Registering precompiled user dll's ...
Registered in 0.001593 seconds.
Begin MonoManager ReloadAssembly
Native extension for WindowsStandalone target not found
Refreshing native plugins compatible for Editor in 0.80 ms, found 0 plugins.
Preloading 0 native plugins for Editor in 0.00 ms.
Mono: successfully reloaded assembly
- Completed reload, in  1.018 seconds
Platform modules already initialized, skipping
Refreshing native plugins compatible for Editor in 0.85 ms, found 0 plugins.
Preloading 0 native plugins for Editor in 0.00 ms.
Unloading 3569 Unused Serialized files (Serialized files now loaded: 0)
System memory in use before: 172.1 MB.
System memory in use after: 172.3 MB.

Unloading 6 unused Assets to reduce memory usage. Loaded Objects now: 4403.
Total: 2.711000 ms (FindLiveObjects: 0.428200 ms CreateObjectMapping: 0.097600 ms MarkObjects: 2.171400 ms  DeleteObjects: 0.013000 ms)

========================================================================
Received Prepare
Registering precompiled user dll's ...
Registered in 0.001923 seconds.
Begin MonoManager ReloadAssembly
Native extension for WindowsStandalone target not found
Refreshing native plugins compatible for Editor in 0.79 ms, found 0 plugins.
Preloading 0 native plugins for Editor in 0.00 ms.
Mono: successfully reloaded assembly
- Completed reload, in  0.967 seconds
Platform modules already initialized, skipping
Refreshing native plugins compatible for Editor in 0.81 ms, found 0 plugins.
Preloading 0 native plugins for Editor in 0.00 ms.
Unloading 3569 Unused Serialized files (Serialized files now loaded: 0)
System memory in use before: 172.1 MB.
System memory in use after: 172.3 MB.

Unloading 6 unused Assets to reduce memory usage. Loaded Objects now: 4406.
Total: 3.649300 ms (FindLiveObjects: 0.502400 ms CreateObjectMapping: 0.104300 ms MarkObjects: 3.011000 ms  DeleteObjects: 0.029500 ms)

========================================================================
Received Prepare
Registering precompiled user dll's ...
Registered in 0.001987 seconds.
Begin MonoManager ReloadAssembly
Native extension for WindowsStandalone target not found
Refreshing native plugins compatible for Editor in 0.80 ms, found 0 plugins.
Preloading 0 native plugins for Editor in 0.00 ms.
Mono: successfully reloaded assembly
- Completed reload, in  0.968 seconds
Platform modules already initialized, skipping
Refreshing native plugins compatible for Editor in 1.41 ms, found 0 plugins.
Preloading 0 native plugins for Editor in 0.00 ms.
Unloading 3569 Unused Serialized files (Serialized files now loaded: 0)
System memory in use before: 172.1 MB.
System memory in use after: 172.3 MB.

Unloading 6 unused Assets to reduce memory usage. Loaded Objects now: 4409.
Total: 4.439900 ms (FindLiveObjects: 0.649900 ms CreateObjectMapping: 0.144400 ms MarkObjects: 3.621600 ms  DeleteObjects: 0.022200 ms)

========================================================================
Received Prepare
Registering precompiled user dll's ...
Registered in 0.001654 seconds.
Begin MonoManager ReloadAssembly
Native extension for WindowsStandalone target not found
Refreshing native plugins compatible for Editor in 0.82 ms, found 0 plugins.
Preloading 0 native plugins for Editor in 0.00 ms.
Mono: successfully reloaded assembly
- Completed reload, in  0.998 seconds
Platform modules already initialized, skipping
Refreshing native plugins compatible for Editor in 0.80 ms, found 0 plugins.
Preloading 0 native plugins for Editor in 0.00 ms.
Unloading 3569 Unused Serialized files (Serialized files now loaded: 0)
System memory in use before: 172.1 MB.
System memory in use after: 172.3 MB.

Unloading 6 unused Assets to reduce memory usage. Loaded Objects now: 4412.
Total: 2.935200 ms (FindLiveObjects: 0.420500 ms CreateObjectMapping: 0.099500 ms MarkObjects: 2.396700 ms  DeleteObjects: 0.017200 ms)

========================================================================
Received Prepare
Registering precompiled user dll's ...
Registered in 0.001630 seconds.
Begin MonoManager ReloadAssembly
Native extension for WindowsStandalone target not found
Refreshing native plugins compatible for Editor in 1.12 ms, found 0 plugins.
Preloading 0 native plugins for Editor in 0.00 ms.
Mono: successfully reloaded assembly
- Completed reload, in  0.961 seconds
Platform modules already initialized, skipping
Refreshing native plugins compatible for Editor in 0.89 ms, found 0 plugins.
Preloading 0 native plugins for Editor in 0.00 ms.
Unloading 3569 Unused Serialized files (Serialized files now loaded: 0)
System memory in use before: 172.1 MB.
System memory in use after: 172.3 MB.

Unloading 6 unused Assets to reduce memory usage. Loaded Objects now: 4415.
Total: 3.033200 ms (FindLiveObjects: 0.440500 ms CreateObjectMapping: 0.096100 ms MarkObjects: 2.476600 ms  DeleteObjects: 0.018200 ms)

========================================================================
Received Prepare
Registering precompiled user dll's ...
Registered in 0.001568 seconds.
Begin MonoManager ReloadAssembly
Native extension for WindowsStandalone target not found
Refreshing native plugins compatible for Editor in 1.31 ms, found 0 plugins.
Preloading 0 native plugins for Editor in 0.00 ms.
Mono: successfully reloaded assembly
- Completed reload, in  0.988 seconds
Platform modules already initialized, skipping
Refreshing native plugins compatible for Editor in 0.82 ms, found 0 plugins.
Preloading 0 native plugins for Editor in 0.00 ms.
Unloading 3569 Unused Serialized files (Serialized files now loaded: 0)
System memory in use before: 172.1 MB.
System memory in use after: 172.3 MB.

Unloading 6 unused Assets to reduce memory usage. Loaded Objects now: 4418.
Total: 3.022900 ms (FindLiveObjects: 0.449400 ms CreateObjectMapping: 0.107500 ms MarkObjects: 2.448200 ms  DeleteObjects: 0.016900 ms)

========================================================================
Received Prepare
Registering precompiled user dll's ...
Registered in 0.001935 seconds.
Begin MonoManager ReloadAssembly
Native extension for WindowsStandalone target not found
Refreshing native plugins compatible for Editor in 0.85 ms, found 0 plugins.
Preloading 0 native plugins for Editor in 0.00 ms.
Mono: successfully reloaded assembly
- Completed reload, in  1.027 seconds
Platform modules already initialized, skipping
Refreshing native plugins compatible for Editor in 0.95 ms, found 0 plugins.
Preloading 0 native plugins for Editor in 0.00 ms.
Unloading 3569 Unused Serialized files (Serialized files now loaded: 0)
System memory in use before: 172.1 MB.
System memory in use after: 172.4 MB.

Unloading 6 unused Assets to reduce memory usage. Loaded Objects now: 4421.
Total: 3.153500 ms (FindLiveObjects: 0.518500 ms CreateObjectMapping: 0.095500 ms MarkObjects: 2.521000 ms  DeleteObjects: 0.017100 ms)

========================================================================
Received Prepare
Registering precompiled user dll's ...
Registered in 0.001744 seconds.
Begin MonoManager ReloadAssembly
Native extension for WindowsStandalone target not found
Refreshing native plugins compatible for Editor in 0.82 ms, found 0 plugins.
Preloading 0 native plugins for Editor in 0.00 ms.
Mono: successfully reloaded assembly
- Completed reload, in  0.996 seconds
Platform modules already initialized, skipping
Refreshing native plugins compatible for Editor in 0.82 ms, found 0 plugins.
Preloading 0 native plugins for Editor in 0.00 ms.
Unloading 3569 Unused Serialized files (Serialized files now loaded: 0)
System memory in use before: 172.1 MB.
System memory in use after: 172.4 MB.

Unloading 6 unused Assets to reduce memory usage. Loaded Objects now: 4424.
Total: 2.785900 ms (FindLiveObjects: 0.431200 ms CreateObjectMapping: 0.096400 ms MarkObjects: 2.242800 ms  DeleteObjects: 0.014400 ms)

========================================================================
Received Prepare
Registering precompiled user dll's ...
Registered in 0.002065 seconds.
Begin MonoManager ReloadAssembly
Native extension for WindowsStandalone target not found
Refreshing native plugins compatible for Editor in 0.93 ms, found 0 plugins.
Preloading 0 native plugins for Editor in 0.00 ms.
Mono: successfully reloaded assembly
- Completed reload, in  0.960 seconds
Platform modules already initialized, skipping
Refreshing native plugins compatible for Editor in 0.77 ms, found 0 plugins.
Preloading 0 native plugins for Editor in 0.00 ms.
Unloading 3569 Unused Serialized files (Serialized files now loaded: 0)
System memory in use before: 172.1 MB.
System memory in use after: 172.4 MB.

Unloading 6 unused Assets to reduce memory usage. Loaded Objects now: 4427.
Total: 2.882500 ms (FindLiveObjects: 0.477000 ms CreateObjectMapping: 0.164200 ms MarkObjects: 2.224600 ms  DeleteObjects: 0.015000 ms)

========================================================================
Received Prepare
Registering precompiled user dll's ...
Registered in 0.001728 seconds.
Begin MonoManager ReloadAssembly
Native extension for WindowsStandalone target not found
Refreshing native plugins compatible for Editor in 1.00 ms, found 0 plugins.
Preloading 0 native plugins for Editor in 0.00 ms.
Mono: successfully reloaded assembly
- Completed reload, in  0.977 seconds
Platform modules already initialized, skipping
Refreshing native plugins compatible for Editor in 0.90 ms, found 0 plugins.
Preloading 0 native plugins for Editor in 0.00 ms.
Unloading 3569 Unused Serialized files (Serialized files now loaded: 0)
System memory in use before: 172.1 MB.
System memory in use after: 172.4 MB.

Unloading 6 unused Assets to reduce memory usage. Loaded Objects now: 4430.
Total: 3.074500 ms (FindLiveObjects: 0.487300 ms CreateObjectMapping: 0.169200 ms MarkObjects: 2.400500 ms  DeleteObjects: 0.015900 ms)

========================================================================
Received Prepare
Registering precompiled user dll's ...
Registered in 0.001608 seconds.
Begin MonoManager ReloadAssembly
Native extension for WindowsStandalone target not found
Refreshing native plugins compatible for Editor in 0.84 ms, found 0 plugins.
Preloading 0 native plugins for Editor in 0.00 ms.
Mono: successfully reloaded assembly
- Completed reload, in  1.011 seconds
Platform modules already initialized, skipping
Refreshing native plugins compatible for Editor in 0.79 ms, found 0 plugins.
Preloading 0 native plugins for Editor in 0.00 ms.
Unloading 3569 Unused Serialized files (Serialized files now loaded: 0)
System memory in use before: 172.1 MB.
System memory in use after: 172.4 MB.

Unloading 6 unused Assets to reduce memory usage. Loaded Objects now: 4433.
Total: 2.803800 ms (FindLiveObjects: 0.388900 ms CreateObjectMapping: 0.096800 ms MarkObjects: 2.300900 ms  DeleteObjects: 0.015500 ms)

========================================================================
Received Prepare
Registering precompiled user dll's ...
Registered in 0.001681 seconds.
Begin MonoManager ReloadAssembly
Native extension for WindowsStandalone target not found
Refreshing native plugins compatible for Editor in 0.78 ms, found 0 plugins.
Preloading 0 native plugins for Editor in 0.00 ms.
Mono: successfully reloaded assembly
- Completed reload, in  0.944 seconds
Platform modules already initialized, skipping
Refreshing native plugins compatible for Editor in 0.79 ms, found 0 plugins.
Preloading 0 native plugins for Editor in 0.00 ms.
Unloading 3569 Unused Serialized files (Serialized files now loaded: 0)
System memory in use before: 172.1 MB.
System memory in use after: 172.4 MB.

Unloading 6 unused Assets to reduce memory usage. Loaded Objects now: 4436.
Total: 2.688300 ms (FindLiveObjects: 0.400100 ms CreateObjectMapping: 0.103900 ms MarkObjects: 2.169000 ms  DeleteObjects: 0.014300 ms)

========================================================================
Received Prepare
Registering precompiled user dll's ...
Registered in 0.001654 seconds.
Begin MonoManager ReloadAssembly
Native extension for WindowsStandalone target not found
Refreshing native plugins compatible for Editor in 0.92 ms, found 0 plugins.
Preloading 0 native plugins for Editor in 0.00 ms.
Mono: successfully reloaded assembly
- Completed reload, in  0.950 seconds
Platform modules already initialized, skipping
Refreshing native plugins compatible for Editor in 0.85 ms, found 0 plugins.
Preloading 0 native plugins for Editor in 0.00 ms.
Unloading 3569 Unused Serialized files (Serialized files now loaded: 0)
System memory in use before: 172.1 MB.
System memory in use after: 172.4 MB.

Unloading 6 unused Assets to reduce memory usage. Loaded Objects now: 4439.
Total: 6.441600 ms (FindLiveObjects: 0.608700 ms CreateObjectMapping: 0.126900 ms MarkObjects: 5.678600 ms  DeleteObjects: 0.025100 ms)

========================================================================
Received Prepare
Registering precompiled user dll's ...
Registered in 0.001679 seconds.
Begin MonoManager ReloadAssembly
Native extension for WindowsStandalone target not found
Refreshing native plugins compatible for Editor in 0.81 ms, found 0 plugins.
Preloading 0 native plugins for Editor in 0.00 ms.
Mono: successfully reloaded assembly
- Completed reload, in  0.949 seconds
Platform modules already initialized, skipping
Refreshing native plugins compatible for Editor in 0.79 ms, found 0 plugins.
Preloading 0 native plugins for Editor in 0.00 ms.
Unloading 3569 Unused Serialized files (Serialized files now loaded: 0)
System memory in use before: 172.2 MB.
System memory in use after: 172.4 MB.

Unloading 6 unused Assets to reduce memory usage. Loaded Objects now: 4442.
Total: 2.719900 ms (FindLiveObjects: 0.400900 ms CreateObjectMapping: 0.101600 ms MarkObjects: 2.200900 ms  DeleteObjects: 0.015300 ms)

========================================================================
Received Prepare
Registering precompiled user dll's ...
Registered in 0.001568 seconds.
Begin MonoManager ReloadAssembly
Native extension for WindowsStandalone target not found
Refreshing native plugins compatible for Editor in 0.79 ms, found 0 plugins.
Preloading 0 native plugins for Editor in 0.00 ms.
Mono: successfully reloaded assembly
- Completed reload, in  0.956 seconds
Platform modules already initialized, skipping
Refreshing native plugins compatible for Editor in 0.78 ms, found 0 plugins.
Preloading 0 native plugins for Editor in 0.00 ms.
Unloading 3569 Unused Serialized files (Serialized files now loaded: 0)
System memory in use before: 172.2 MB.
System memory in use after: 172.4 MB.

Unloading 6 unused Assets to reduce memory usage. Loaded Objects now: 4445.
Total: 3.419700 ms (FindLiveObjects: 0.511400 ms CreateObjectMapping: 0.098800 ms MarkObjects: 2.788500 ms  DeleteObjects: 0.019100 ms)

========================================================================
Received Prepare
Registering precompiled user dll's ...
Registered in 0.002027 seconds.
Begin MonoManager ReloadAssembly
Native extension for WindowsStandalone target not found
Refreshing native plugins compatible for Editor in 0.81 ms, found 0 plugins.
Preloading 0 native plugins for Editor in 0.00 ms.
Mono: successfully reloaded assembly
- Completed reload, in  1.015 seconds
Platform modules already initialized, skipping
Refreshing native plugins compatible for Editor in 0.82 ms, found 0 plugins.
Preloading 0 native plugins for Editor in 0.00 ms.
Unloading 3569 Unused Serialized files (Serialized files now loaded: 0)
System memory in use before: 172.2 MB.
System memory in use after: 172.4 MB.

Unloading 6 unused Assets to reduce memory usage. Loaded Objects now: 4448.
Total: 2.896400 ms (FindLiveObjects: 0.446000 ms CreateObjectMapping: 0.096600 ms MarkObjects: 2.337500 ms  DeleteObjects: 0.014700 ms)

========================================================================
Received Prepare
Registering precompiled user dll's ...
Registered in 0.001485 seconds.
Begin MonoManager ReloadAssembly
Native extension for WindowsStandalone target not found
Refreshing native plugins compatible for Editor in 0.83 ms, found 0 plugins.
Preloading 0 native plugins for Editor in 0.00 ms.
Mono: successfully reloaded assembly
- Completed reload, in  0.955 seconds
Platform modules already initialized, skipping
Refreshing native plugins compatible for Editor in 0.80 ms, found 0 plugins.
Preloading 0 native plugins for Editor in 0.00 ms.
Unloading 3569 Unused Serialized files (Serialized files now loaded: 0)
System memory in use before: 172.2 MB.
System memory in use after: 172.4 MB.

Unloading 6 unused Assets to reduce memory usage. Loaded Objects now: 4451.
Total: 3.552500 ms (FindLiveObjects: 0.457300 ms CreateObjectMapping: 0.095400 ms MarkObjects: 2.978600 ms  DeleteObjects: 0.018800 ms)

========================================================================
Received Prepare
Registering precompiled user dll's ...
Registered in 0.001683 seconds.
Begin MonoManager ReloadAssembly
Native extension for WindowsStandalone target not found
Refreshing native plugins compatible for Editor in 0.79 ms, found 0 plugins.
Preloading 0 native plugins for Editor in 0.00 ms.
Mono: successfully reloaded assembly
- Completed reload, in  0.959 seconds
Platform modules already initialized, skipping
Refreshing native plugins compatible for Editor in 0.82 ms, found 0 plugins.
Preloading 0 native plugins for Editor in 0.00 ms.
Unloading 3569 Unused Serialized files (Serialized files now loaded: 0)
System memory in use before: 172.2 MB.
System memory in use after: 172.4 MB.

Unloading 6 unused Assets to reduce memory usage. Loaded Objects now: 4454.
Total: 2.832100 ms (FindLiveObjects: 0.505100 ms CreateObjectMapping: 0.100900 ms MarkObjects: 2.210000 ms  DeleteObjects: 0.014800 ms)

========================================================================
Received Prepare
Registering precompiled user dll's ...
Registered in 0.001697 seconds.
Begin MonoManager ReloadAssembly
Native extension for WindowsStandalone target not found
Refreshing native plugins compatible for Editor in 0.80 ms, found 0 plugins.
Preloading 0 native plugins for Editor in 0.00 ms.
Mono: successfully reloaded assembly
- Completed reload, in  0.960 seconds
Platform modules already initialized, skipping
Refreshing native plugins compatible for Editor in 0.85 ms, found 0 plugins.
Preloading 0 native plugins for Editor in 0.00 ms.
Unloading 3569 Unused Serialized files (Serialized files now loaded: 0)
System memory in use before: 172.2 MB.
System memory in use after: 172.4 MB.

Unloading 6 unused Assets to reduce memory usage. Loaded Objects now: 4457.
Total: 3.338900 ms (FindLiveObjects: 0.676500 ms CreateObjectMapping: 0.114800 ms MarkObjects: 2.529600 ms  DeleteObjects: 0.016600 ms)

========================================================================
Received Prepare
Registering precompiled user dll's ...
Registered in 0.001765 seconds.
Begin MonoManager ReloadAssembly
Native extension for WindowsStandalone target not found
Refreshing native plugins compatible for Editor in 0.80 ms, found 0 plugins.
Preloading 0 native plugins for Editor in 0.00 ms.
Mono: successfully reloaded assembly
- Completed reload, in  0.980 seconds
Platform modules already initialized, skipping
Refreshing native plugins compatible for Editor in 1.30 ms, found 0 plugins.
Preloading 0 native plugins for Editor in 0.00 ms.
Unloading 3569 Unused Serialized files (Serialized files now loaded: 0)
System memory in use before: 172.2 MB.
System memory in use after: 172.5 MB.

Unloading 6 unused Assets to reduce memory usage. Loaded Objects now: 4460.
Total: 3.277200 ms (FindLiveObjects: 0.502800 ms CreateObjectMapping: 0.091300 ms MarkObjects: 2.663400 ms  DeleteObjects: 0.017800 ms)

========================================================================
Received Prepare
Registering precompiled user dll's ...
Registered in 0.001575 seconds.
Begin MonoManager ReloadAssembly
Native extension for WindowsStandalone target not found
Refreshing native plugins compatible for Editor in 0.78 ms, found 0 plugins.
Preloading 0 native plugins for Editor in 0.00 ms.
Mono: successfully reloaded assembly
- Completed reload, in  0.966 seconds
Platform modules already initialized, skipping
Refreshing native plugins compatible for Editor in 0.84 ms, found 0 plugins.
Preloading 0 native plugins for Editor in 0.00 ms.
Unloading 3569 Unused Serialized files (Serialized files now loaded: 0)
System memory in use before: 172.2 MB.
System memory in use after: 172.5 MB.

Unloading 6 unused Assets to reduce memory usage. Loaded Objects now: 4463.
Total: 2.739300 ms (FindLiveObjects: 0.419700 ms CreateObjectMapping: 0.095900 ms MarkObjects: 2.207100 ms  DeleteObjects: 0.015800 ms)

========================================================================
Received Prepare
Registering precompiled user dll's ...
Registered in 0.001510 seconds.
Begin MonoManager ReloadAssembly
Native extension for WindowsStandalone target not found
Refreshing native plugins compatible for Editor in 0.79 ms, found 0 plugins.
Preloading 0 native plugins for Editor in 0.00 ms.
Mono: successfully reloaded assembly
- Completed reload, in  0.961 seconds
Platform modules already initialized, skipping
Refreshing native plugins compatible for Editor in 0.83 ms, found 0 plugins.
Preloading 0 native plugins for Editor in 0.00 ms.
Unloading 3569 Unused Serialized files (Serialized files now loaded: 0)
System memory in use before: 172.2 MB.
System memory in use after: 172.5 MB.

Unloading 6 unused Assets to reduce memory usage. Loaded Objects now: 4466.
Total: 2.880700 ms (FindLiveObjects: 0.502600 ms CreateObjectMapping: 0.100600 ms MarkObjects: 2.261800 ms  DeleteObjects: 0.015000 ms)

========================================================================
Received Prepare
Registering precompiled user dll's ...
Registered in 0.001526 seconds.
Begin MonoManager ReloadAssembly
Native extension for WindowsStandalone target not found
Refreshing native plugins compatible for Editor in 0.81 ms, found 0 plugins.
Preloading 0 native plugins for Editor in 0.00 ms.
Mono: successfully reloaded assembly
- Completed reload, in  0.982 seconds
Platform modules already initialized, skipping
Refreshing native plugins compatible for Editor in 0.82 ms, found 0 plugins.
Preloading 0 native plugins for Editor in 0.00 ms.
Unloading 3569 Unused Serialized files (Serialized files now loaded: 0)
System memory in use before: 172.2 MB.
System memory in use after: 172.5 MB.

Unloading 6 unused Assets to reduce memory usage. Loaded Objects now: 4469.
Total: 3.603800 ms (FindLiveObjects: 0.554700 ms CreateObjectMapping: 0.119000 ms MarkObjects: 2.897700 ms  DeleteObjects: 0.030500 ms)

========================================================================
Received Prepare
Registering precompiled user dll's ...
Registered in 0.001468 seconds.
Begin MonoManager ReloadAssembly
Native extension for WindowsStandalone target not found
Refreshing native plugins compatible for Editor in 0.79 ms, found 0 plugins.
Preloading 0 native plugins for Editor in 0.00 ms.
Mono: successfully reloaded assembly
- Completed reload, in  0.947 seconds
Platform modules already initialized, skipping
Refreshing native plugins compatible for Editor in 0.83 ms, found 0 plugins.
Preloading 0 native plugins for Editor in 0.00 ms.
Unloading 3569 Unused Serialized files (Serialized files now loaded: 0)
System memory in use before: 172.2 MB.
System memory in use after: 172.5 MB.

Unloading 6 unused Assets to reduce memory usage. Loaded Objects now: 4472.
Total: 3.241600 ms (FindLiveObjects: 0.498400 ms CreateObjectMapping: 0.126200 ms MarkObjects: 2.597000 ms  DeleteObjects: 0.018000 ms)

========================================================================
Received Prepare
Registering precompiled user dll's ...
Registered in 0.001615 seconds.
Begin MonoManager ReloadAssembly
Native extension for WindowsStandalone target not found
Refreshing native plugins compatible for Editor in 0.86 ms, found 0 plugins.
Preloading 0 native plugins for Editor in 0.00 ms.
Mono: successfully reloaded assembly
- Completed reload, in  1.018 seconds
Platform modules already initialized, skipping
Refreshing native plugins compatible for Editor in 0.96 ms, found 0 plugins.
Preloading 0 native plugins for Editor in 0.00 ms.
Unloading 3569 Unused Serialized files (Serialized files now loaded: 0)
System memory in use before: 172.3 MB.
System memory in use after: 172.5 MB.

Unloading 6 unused Assets to reduce memory usage. Loaded Objects now: 4475.
Total: 4.040800 ms (FindLiveObjects: 0.706300 ms CreateObjectMapping: 0.390700 ms MarkObjects: 2.923300 ms  DeleteObjects: 0.019400 ms)

========================================================================
Received Prepare
Registering precompiled user dll's ...
Registered in 0.001478 seconds.
Begin MonoManager ReloadAssembly
Native extension for WindowsStandalone target not found
Refreshing native plugins compatible for Editor in 0.85 ms, found 0 plugins.
Preloading 0 native plugins for Editor in 0.00 ms.
Mono: successfully reloaded assembly
- Completed reload, in  0.962 seconds
Platform modules already initialized, skipping
Refreshing native plugins compatible for Editor in 1.22 ms, found 0 plugins.
Preloading 0 native plugins for Editor in 0.00 ms.
Unloading 3569 Unused Serialized files (Serialized files now loaded: 0)
System memory in use before: 172.3 MB.
System memory in use after: 172.5 MB.

Unloading 6 unused Assets to reduce memory usage. Loaded Objects now: 4478.
Total: 2.877600 ms (FindLiveObjects: 0.487100 ms CreateObjectMapping: 0.097800 ms MarkObjects: 2.278300 ms  DeleteObjects: 0.013600 ms)

========================================================================
Received Prepare
Registering precompiled user dll's ...
Registered in 0.001662 seconds.
Begin MonoManager ReloadAssembly
Native extension for WindowsStandalone target not found
Refreshing native plugins compatible for Editor in 0.78 ms, found 0 plugins.
Preloading 0 native plugins for Editor in 0.00 ms.
Mono: successfully reloaded assembly
- Completed reload, in  0.958 seconds
Platform modules already initialized, skipping
Refreshing native plugins compatible for Editor in 0.85 ms, found 0 plugins.
Preloading 0 native plugins for Editor in 0.00 ms.
Unloading 3569 Unused Serialized files (Serialized files now loaded: 0)
System memory in use before: 172.3 MB.
System memory in use after: 172.5 MB.

Unloading 6 unused Assets to reduce memory usage. Loaded Objects now: 4481.
Total: 3.029600 ms (FindLiveObjects: 0.524100 ms CreateObjectMapping: 0.232300 ms MarkObjects: 2.254700 ms  DeleteObjects: 0.016800 ms)

========================================================================
Received Prepare
Registering precompiled user dll's ...
Registered in 0.001568 seconds.
Begin MonoManager ReloadAssembly
Native extension for WindowsStandalone target not found
Refreshing native plugins compatible for Editor in 0.90 ms, found 0 plugins.
Preloading 0 native plugins for Editor in 0.00 ms.
Mono: successfully reloaded assembly
- Completed reload, in  0.990 seconds
Platform modules already initialized, skipping
Refreshing native plugins compatible for Editor in 0.81 ms, found 0 plugins.
Preloading 0 native plugins for Editor in 0.00 ms.
Unloading 3569 Unused Serialized files (Serialized files now loaded: 0)
System memory in use before: 172.3 MB.
System memory in use after: 172.5 MB.

Unloading 6 unused Assets to reduce memory usage. Loaded Objects now: 4484.
Total: 2.837400 ms (FindLiveObjects: 0.451800 ms CreateObjectMapping: 0.097100 ms MarkObjects: 2.271800 ms  DeleteObjects: 0.015500 ms)

========================================================================
Received Prepare
Registering precompiled user dll's ...
Registered in 0.001820 seconds.
Begin MonoManager ReloadAssembly
Native extension for WindowsStandalone target not found
Refreshing native plugins compatible for Editor in 0.83 ms, found 0 plugins.
Preloading 0 native plugins for Editor in 0.00 ms.
Mono: successfully reloaded assembly
- Completed reload, in  0.994 seconds
Platform modules already initialized, skipping
Refreshing native plugins compatible for Editor in 1.06 ms, found 0 plugins.
Preloading 0 native plugins for Editor in 0.00 ms.
Unloading 3569 Unused Serialized files (Serialized files now loaded: 0)
System memory in use before: 172.3 MB.
System memory in use after: 172.5 MB.

Unloading 6 unused Assets to reduce memory usage. Loaded Objects now: 4487.
Total: 4.021200 ms (FindLiveObjects: 0.708600 ms CreateObjectMapping: 0.144200 ms MarkObjects: 3.139200 ms  DeleteObjects: 0.027300 ms)

========================================================================
Received Prepare
Registering precompiled user dll's ...
Registered in 0.001823 seconds.
Begin MonoManager ReloadAssembly
Native extension for WindowsStandalone target not found
Refreshing native plugins compatible for Editor in 0.88 ms, found 0 plugins.
Preloading 0 native plugins for Editor in 0.00 ms.
Mono: successfully reloaded assembly
- Completed reload, in  0.959 seconds
Platform modules already initialized, skipping
Refreshing native plugins compatible for Editor in 0.79 ms, found 0 plugins.
Preloading 0 native plugins for Editor in 0.00 ms.
Unloading 3569 Unused Serialized files (Serialized files now loaded: 0)
System memory in use before: 172.3 MB.
System memory in use after: 172.5 MB.

Unloading 6 unused Assets to reduce memory usage. Loaded Objects now: 4490.
Total: 2.750300 ms (FindLiveObjects: 0.389300 ms CreateObjectMapping: 0.097100 ms MarkObjects: 2.249200 ms  DeleteObjects: 0.013400 ms)

========================================================================
Received Prepare
Registering precompiled user dll's ...
Registered in 0.001606 seconds.
Begin MonoManager ReloadAssembly
Native extension for WindowsStandalone target not found
Refreshing native plugins compatible for Editor in 0.79 ms, found 0 plugins.
Preloading 0 native plugins for Editor in 0.00 ms.
Mono: successfully reloaded assembly
- Completed reload, in  1.000 seconds
Platform modules already initialized, skipping
Refreshing native plugins compatible for Editor in 0.81 ms, found 0 plugins.
Preloading 0 native plugins for Editor in 0.00 ms.
Unloading 3569 Unused Serialized files (Serialized files now loaded: 0)
System memory in use before: 172.3 MB.
System memory in use after: 172.5 MB.

Unloading 6 unused Assets to reduce memory usage. Loaded Objects now: 4493.
Total: 2.721200 ms (FindLiveObjects: 0.397600 ms CreateObjectMapping: 0.097600 ms MarkObjects: 2.210100 ms  DeleteObjects: 0.014800 ms)

========================================================================
Received Prepare
Registering precompiled user dll's ...
Registered in 0.001491 seconds.
Begin MonoManager ReloadAssembly
Native extension for WindowsStandalone target not found
Refreshing native plugins compatible for Editor in 0.83 ms, found 0 plugins.
Preloading 0 native plugins for Editor in 0.00 ms.
Mono: successfully reloaded assembly
- Completed reload, in  0.945 seconds
Platform modules already initialized, skipping
Refreshing native plugins compatible for Editor in 0.78 ms, found 0 plugins.
Preloading 0 native plugins for Editor in 0.00 ms.
Unloading 3569 Unused Serialized files (Serialized files now loaded: 0)
System memory in use before: 172.3 MB.
System memory in use after: 172.6 MB.

Unloading 6 unused Assets to reduce memory usage. Loaded Objects now: 4496.
Total: 2.720100 ms (FindLiveObjects: 0.389900 ms CreateObjectMapping: 0.097900 ms MarkObjects: 2.216900 ms  DeleteObjects: 0.014000 ms)

========================================================================
Received Prepare
Registering precompiled user dll's ...
Registered in 0.001516 seconds.
Begin MonoManager ReloadAssembly
Native extension for WindowsStandalone target not found
Refreshing native plugins compatible for Editor in 0.85 ms, found 0 plugins.
Preloading 0 native plugins for Editor in 0.00 ms.
Mono: successfully reloaded assembly
- Completed reload, in  0.996 seconds
Platform modules already initialized, skipping
Refreshing native plugins compatible for Editor in 0.79 ms, found 0 plugins.
Preloading 0 native plugins for Editor in 0.00 ms.
Unloading 3569 Unused Serialized files (Serialized files now loaded: 0)
System memory in use before: 172.3 MB.
System memory in use after: 172.6 MB.

Unloading 6 unused Assets to reduce memory usage. Loaded Objects now: 4499.
Total: 2.819000 ms (FindLiveObjects: 0.425200 ms CreateObjectMapping: 0.104600 ms MarkObjects: 2.273800 ms  DeleteObjects: 0.013900 ms)

========================================================================
Received Prepare
Registering precompiled user dll's ...
Registered in 0.001897 seconds.
Begin MonoManager ReloadAssembly
Native extension for WindowsStandalone target not found
Refreshing native plugins compatible for Editor in 0.80 ms, found 0 plugins.
Preloading 0 native plugins for Editor in 0.00 ms.
Mono: successfully reloaded assembly
- Completed reload, in  0.979 seconds
Platform modules already initialized, skipping
Refreshing native plugins compatible for Editor in 0.82 ms, found 0 plugins.
Preloading 0 native plugins for Editor in 0.00 ms.
Unloading 3569 Unused Serialized files (Serialized files now loaded: 0)
System memory in use before: 172.3 MB.
System memory in use after: 172.6 MB.

Unloading 6 unused Assets to reduce memory usage. Loaded Objects now: 4502.
Total: 2.941900 ms (FindLiveObjects: 0.499800 ms CreateObjectMapping: 0.099400 ms MarkObjects: 2.326900 ms  DeleteObjects: 0.014500 ms)

========================================================================
Received Prepare
Registering precompiled user dll's ...
Registered in 0.001620 seconds.
Begin MonoManager ReloadAssembly
Native extension for WindowsStandalone target not found
Refreshing native plugins compatible for Editor in 0.79 ms, found 0 plugins.
Preloading 0 native plugins for Editor in 0.00 ms.
Mono: successfully reloaded assembly
- Completed reload, in  0.993 seconds
Platform modules already initialized, skipping
Refreshing native plugins compatible for Editor in 0.82 ms, found 0 plugins.
Preloading 0 native plugins for Editor in 0.00 ms.
Unloading 3569 Unused Serialized files (Serialized files now loaded: 0)
System memory in use before: 172.3 MB.
System memory in use after: 172.6 MB.

Unloading 6 unused Assets to reduce memory usage. Loaded Objects now: 4505.
Total: 2.855100 ms (FindLiveObjects: 0.446900 ms CreateObjectMapping: 0.095700 ms MarkObjects: 2.292700 ms  DeleteObjects: 0.018900 ms)

========================================================================
Received Prepare
Registering precompiled user dll's ...
Registered in 0.001631 seconds.
Begin MonoManager ReloadAssembly
Native extension for WindowsStandalone target not found
Refreshing native plugins compatible for Editor in 0.83 ms, found 0 plugins.
Preloading 0 native plugins for Editor in 0.00 ms.
Mono: successfully reloaded assembly
- Completed reload, in  1.002 seconds
Platform modules already initialized, skipping
Refreshing native plugins compatible for Editor in 0.78 ms, found 0 plugins.
Preloading 0 native plugins for Editor in 0.00 ms.
Unloading 3569 Unused Serialized files (Serialized files now loaded: 0)
System memory in use before: 172.3 MB.
System memory in use after: 172.6 MB.

Unloading 6 unused Assets to reduce memory usage. Loaded Objects now: 4508.
Total: 2.825700 ms (FindLiveObjects: 0.459500 ms CreateObjectMapping: 0.096700 ms MarkObjects: 2.248600 ms  DeleteObjects: 0.019300 ms)

========================================================================
Received Prepare
Registering precompiled user dll's ...
Registered in 0.001929 seconds.
Begin MonoManager ReloadAssembly
Native extension for WindowsStandalone target not found
Refreshing native plugins compatible for Editor in 1.28 ms, found 0 plugins.
Preloading 0 native plugins for Editor in 0.00 ms.
Mono: successfully reloaded assembly
- Completed reload, in  1.012 seconds
Platform modules already initialized, skipping
Refreshing native plugins compatible for Editor in 1.36 ms, found 0 plugins.
Preloading 0 native plugins for Editor in 0.00 ms.
Unloading 3569 Unused Serialized files (Serialized files now loaded: 0)
System memory in use before: 172.3 MB.
System memory in use after: 172.6 MB.

Unloading 6 unused Assets to reduce memory usage. Loaded Objects now: 4511.
Total: 3.585700 ms (FindLiveObjects: 0.474300 ms CreateObjectMapping: 0.091700 ms MarkObjects: 2.994700 ms  DeleteObjects: 0.023200 ms)

========================================================================
Received Prepare
Registering precompiled user dll's ...
Registered in 0.001580 seconds.
Begin MonoManager ReloadAssembly
Native extension for WindowsStandalone target not found
Refreshing native plugins compatible for Editor in 0.89 ms, found 0 plugins.
Preloading 0 native plugins for Editor in 0.00 ms.
Mono: successfully reloaded assembly
- Completed reload, in  1.038 seconds
Platform modules already initialized, skipping
Refreshing native plugins compatible for Editor in 1.10 ms, found 0 plugins.
Preloading 0 native plugins for Editor in 0.00 ms.
Unloading 3569 Unused Serialized files (Serialized files now loaded: 0)
System memory in use before: 172.3 MB.
System memory in use after: 172.6 MB.

Unloading 6 unused Assets to reduce memory usage. Loaded Objects now: 4514.
Total: 3.021100 ms (FindLiveObjects: 0.553200 ms CreateObjectMapping: 0.103900 ms MarkObjects: 2.346500 ms  DeleteObjects: 0.016000 ms)

========================================================================
Received Prepare
Registering precompiled user dll's ...
Registered in 0.001839 seconds.
Begin MonoManager ReloadAssembly
Native extension for WindowsStandalone target not found
Refreshing native plugins compatible for Editor in 0.77 ms, found 0 plugins.
Preloading 0 native plugins for Editor in 0.00 ms.
Mono: successfully reloaded assembly
- Completed reload, in  0.984 seconds
Platform modules already initialized, skipping
Refreshing native plugins compatible for Editor in 0.83 ms, found 0 plugins.
Preloading 0 native plugins for Editor in 0.00 ms.
Unloading 3569 Unused Serialized files (Serialized files now loaded: 0)
System memory in use before: 172.4 MB.
System memory in use after: 172.6 MB.

Unloading 6 unused Assets to reduce memory usage. Loaded Objects now: 4517.
Total: 2.768000 ms (FindLiveObjects: 0.466000 ms CreateObjectMapping: 0.102700 ms MarkObjects: 2.183800 ms  DeleteObjects: 0.014500 ms)

========================================================================
Received Prepare
Registering precompiled user dll's ...
Registered in 0.001665 seconds.
Begin MonoManager ReloadAssembly
Native extension for WindowsStandalone target not found
Refreshing native plugins compatible for Editor in 0.78 ms, found 0 plugins.
Preloading 0 native plugins for Editor in 0.00 ms.
Mono: successfully reloaded assembly
- Completed reload, in  0.993 seconds
Platform modules already initialized, skipping
Refreshing native plugins compatible for Editor in 0.88 ms, found 0 plugins.
Preloading 0 native plugins for Editor in 0.00 ms.
Unloading 3569 Unused Serialized files (Serialized files now loaded: 0)
System memory in use before: 172.4 MB.
System memory in use after: 172.6 MB.

Unloading 6 unused Assets to reduce memory usage. Loaded Objects now: 4520.
Total: 3.293500 ms (FindLiveObjects: 0.455700 ms CreateObjectMapping: 0.096400 ms MarkObjects: 2.720600 ms  DeleteObjects: 0.018900 ms)

========================================================================
Received Prepare
Registering precompiled user dll's ...
Registered in 0.002466 seconds.
Begin MonoManager ReloadAssembly
Native extension for WindowsStandalone target not found
Refreshing native plugins compatible for Editor in 0.83 ms, found 0 plugins.
Preloading 0 native plugins for Editor in 0.00 ms.
Mono: successfully reloaded assembly
- Completed reload, in  0.962 seconds
Platform modules already initialized, skipping
Refreshing native plugins compatible for Editor in 1.31 ms, found 0 plugins.
Preloading 0 native plugins for Editor in 0.00 ms.
Unloading 3569 Unused Serialized files (Serialized files now loaded: 0)
System memory in use before: 172.4 MB.
System memory in use after: 172.6 MB.

Unloading 6 unused Assets to reduce memory usage. Loaded Objects now: 4523.
Total: 2.893600 ms (FindLiveObjects: 0.510500 ms CreateObjectMapping: 0.100900 ms MarkObjects: 2.262600 ms  DeleteObjects: 0.017700 ms)

========================================================================
Received Prepare
Registering precompiled user dll's ...
Registered in 0.001552 seconds.
Begin MonoManager ReloadAssembly
Native extension for WindowsStandalone target not found
Refreshing native plugins compatible for Editor in 0.86 ms, found 0 plugins.
Preloading 0 native plugins for Editor in 0.00 ms.
Mono: successfully reloaded assembly
- Completed reload, in  0.959 seconds
Platform modules already initialized, skipping
Refreshing native plugins compatible for Editor in 0.81 ms, found 0 plugins.
Preloading 0 native plugins for Editor in 0.00 ms.
Unloading 3569 Unused Serialized files (Serialized files now loaded: 0)
System memory in use before: 172.4 MB.
System memory in use after: 172.6 MB.

Unloading 6 unused Assets to reduce memory usage. Loaded Objects now: 4526.
Total: 3.079100 ms (FindLiveObjects: 0.446900 ms CreateObjectMapping: 0.098700 ms MarkObjects: 2.514200 ms  DeleteObjects: 0.017400 ms)

========================================================================
Received Prepare
Registering precompiled user dll's ...
Registered in 0.002111 seconds.
Begin MonoManager ReloadAssembly
Native extension for WindowsStandalone target not found
Refreshing native plugins compatible for Editor in 1.28 ms, found 0 plugins.
Preloading 0 native plugins for Editor in 0.00 ms.
Mono: successfully reloaded assembly
- Completed reload, in  1.092 seconds
Platform modules already initialized, skipping
Refreshing native plugins compatible for Editor in 0.81 ms, found 0 plugins.
Preloading 0 native plugins for Editor in 0.00 ms.
Unloading 3569 Unused Serialized files (Serialized files now loaded: 0)
System memory in use before: 172.4 MB.
System memory in use after: 172.6 MB.

Unloading 6 unused Assets to reduce memory usage. Loaded Objects now: 4529.
Total: 3.482800 ms (FindLiveObjects: 0.442900 ms CreateObjectMapping: 0.120700 ms MarkObjects: 2.894000 ms  DeleteObjects: 0.023900 ms)

========================================================================
Received Prepare
Registering precompiled user dll's ...
Registered in 0.001908 seconds.
Begin MonoManager ReloadAssembly
Native extension for WindowsStandalone target not found
Refreshing native plugins compatible for Editor in 1.22 ms, found 0 plugins.
Preloading 0 native plugins for Editor in 0.00 ms.
Mono: successfully reloaded assembly
- Completed reload, in  0.981 seconds
Platform modules already initialized, skipping
Refreshing native plugins compatible for Editor in 0.78 ms, found 0 plugins.
Preloading 0 native plugins for Editor in 0.00 ms.
Unloading 3569 Unused Serialized files (Serialized files now loaded: 0)
System memory in use before: 172.4 MB.
System memory in use after: 172.6 MB.

Unloading 6 unused Assets to reduce memory usage. Loaded Objects now: 4532.
Total: 2.865700 ms (FindLiveObjects: 0.467900 ms CreateObjectMapping: 0.115700 ms MarkObjects: 2.266400 ms  DeleteObjects: 0.014600 ms)

========================================================================
Received Prepare
Registering precompiled user dll's ...
Registered in 0.002451 seconds.
Begin MonoManager ReloadAssembly
Native extension for WindowsStandalone target not found
Refreshing native plugins compatible for Editor in 0.83 ms, found 0 plugins.
Preloading 0 native plugins for Editor in 0.00 ms.
Mono: successfully reloaded assembly
- Completed reload, in  0.993 seconds
Platform modules already initialized, skipping
Refreshing native plugins compatible for Editor in 1.10 ms, found 0 plugins.
Preloading 0 native plugins for Editor in 0.00 ms.
Unloading 3569 Unused Serialized files (Serialized files now loaded: 0)
System memory in use before: 172.4 MB.
System memory in use after: 172.6 MB.

Unloading 6 unused Assets to reduce memory usage. Loaded Objects now: 4535.
Total: 3.761600 ms (FindLiveObjects: 0.552900 ms CreateObjectMapping: 0.094800 ms MarkObjects: 3.091200 ms  DeleteObjects: 0.021100 ms)

========================================================================
Received Prepare
Registering precompiled user dll's ...
Registered in 0.001566 seconds.
Begin MonoManager ReloadAssembly
Native extension for WindowsStandalone target not found
Refreshing native plugins compatible for Editor in 0.92 ms, found 0 plugins.
Preloading 0 native plugins for Editor in 0.00 ms.
Mono: successfully reloaded assembly
- Completed reload, in  1.013 seconds
Platform modules already initialized, skipping
Refreshing native plugins compatible for Editor in 0.98 ms, found 0 plugins.
Preloading 0 native plugins for Editor in 0.00 ms.
Unloading 3569 Unused Serialized files (Serialized files now loaded: 0)
System memory in use before: 172.4 MB.
System memory in use after: 172.7 MB.

Unloading 6 unused Assets to reduce memory usage. Loaded Objects now: 4538.
Total: 5.337500 ms (FindLiveObjects: 0.983600 ms CreateObjectMapping: 0.184500 ms MarkObjects: 4.143200 ms  DeleteObjects: 0.024500 ms)

========================================================================
Received Prepare
Registering precompiled user dll's ...
Registered in 0.001765 seconds.
Begin MonoManager ReloadAssembly
Native extension for WindowsStandalone target not found
Refreshing native plugins compatible for Editor in 0.78 ms, found 0 plugins.
Preloading 0 native plugins for Editor in 0.00 ms.
Mono: successfully reloaded assembly
- Completed reload, in  0.975 seconds
Platform modules already initialized, skipping
Refreshing native plugins compatible for Editor in 0.91 ms, found 0 plugins.
Preloading 0 native plugins for Editor in 0.00 ms.
Unloading 3569 Unused Serialized files (Serialized files now loaded: 0)
System memory in use before: 172.4 MB.
System memory in use after: 172.7 MB.

Unloading 6 unused Assets to reduce memory usage. Loaded Objects now: 4541.
Total: 2.890100 ms (FindLiveObjects: 0.460500 ms CreateObjectMapping: 0.098100 ms MarkObjects: 2.315900 ms  DeleteObjects: 0.014400 ms)

========================================================================
Received Prepare
Registering precompiled user dll's ...
Registered in 0.001584 seconds.
Begin MonoManager ReloadAssembly
Native extension for WindowsStandalone target not found
Refreshing native plugins compatible for Editor in 0.86 ms, found 0 plugins.
Preloading 0 native plugins for Editor in 0.00 ms.
Mono: successfully reloaded assembly
- Completed reload, in  1.005 seconds
Platform modules already initialized, skipping
Refreshing native plugins compatible for Editor in 0.80 ms, found 0 plugins.
Preloading 0 native plugins for Editor in 0.00 ms.
Unloading 3569 Unused Serialized files (Serialized files now loaded: 0)
System memory in use before: 172.4 MB.
System memory in use after: 172.7 MB.

Unloading 6 unused Assets to reduce memory usage. Loaded Objects now: 4544.
Total: 2.789800 ms (FindLiveObjects: 0.446000 ms CreateObjectMapping: 0.097300 ms MarkObjects: 2.230100 ms  DeleteObjects: 0.015000 ms)

========================================================================
Received Prepare
Registering precompiled user dll's ...
Registered in 0.002431 seconds.
Begin MonoManager ReloadAssembly
Native extension for WindowsStandalone target not found
Refreshing native plugins compatible for Editor in 0.80 ms, found 0 plugins.
Preloading 0 native plugins for Editor in 0.00 ms.
Mono: successfully reloaded assembly
- Completed reload, in  0.976 seconds
Platform modules already initialized, skipping
Refreshing native plugins compatible for Editor in 0.90 ms, found 0 plugins.
Preloading 0 native plugins for Editor in 0.00 ms.
Unloading 3569 Unused Serialized files (Serialized files now loaded: 0)
System memory in use before: 172.4 MB.
System memory in use after: 172.7 MB.

Unloading 6 unused Assets to reduce memory usage. Loaded Objects now: 4547.
Total: 3.626400 ms (FindLiveObjects: 0.607500 ms CreateObjectMapping: 0.119700 ms MarkObjects: 2.876800 ms  DeleteObjects: 0.020900 ms)

========================================================================
Received Prepare
Registering precompiled user dll's ...
Registered in 0.001566 seconds.
Begin MonoManager ReloadAssembly
Native extension for WindowsStandalone target not found
Refreshing native plugins compatible for Editor in 0.92 ms, found 0 plugins.
Preloading 0 native plugins for Editor in 0.00 ms.
Mono: successfully reloaded assembly
- Completed reload, in  0.967 seconds
Platform modules already initialized, skipping
Refreshing native plugins compatible for Editor in 0.84 ms, found 0 plugins.
Preloading 0 native plugins for Editor in 0.00 ms.
Unloading 3569 Unused Serialized files (Serialized files now loaded: 0)
System memory in use before: 172.4 MB.
System memory in use after: 172.7 MB.

Unloading 6 unused Assets to reduce memory usage. Loaded Objects now: 4550.
Total: 3.086600 ms (FindLiveObjects: 0.430200 ms CreateObjectMapping: 0.098600 ms MarkObjects: 2.541900 ms  DeleteObjects: 0.014700 ms)

========================================================================
Received Prepare
Registering precompiled user dll's ...
Registered in 0.001607 seconds.
Begin MonoManager ReloadAssembly
Native extension for WindowsStandalone target not found
Refreshing native plugins compatible for Editor in 0.79 ms, found 0 plugins.
Preloading 0 native plugins for Editor in 0.00 ms.
Mono: successfully reloaded assembly
- Completed reload, in  0.989 seconds
Platform modules already initialized, skipping
Refreshing native plugins compatible for Editor in 0.78 ms, found 0 plugins.
Preloading 0 native plugins for Editor in 0.00 ms.
Unloading 3569 Unused Serialized files (Serialized files now loaded: 0)
System memory in use before: 172.4 MB.
System memory in use after: 172.7 MB.

Unloading 6 unused Assets to reduce memory usage. Loaded Objects now: 4553.
Total: 2.943200 ms (FindLiveObjects: 0.430600 ms CreateObjectMapping: 0.098600 ms MarkObjects: 2.396700 ms  DeleteObjects: 0.016000 ms)

========================================================================
Received Prepare
Registering precompiled user dll's ...
Registered in 0.001816 seconds.
Begin MonoManager ReloadAssembly
Native extension for WindowsStandalone target not found
Refreshing native plugins compatible for Editor in 0.82 ms, found 0 plugins.
Preloading 0 native plugins for Editor in 0.00 ms.
Mono: successfully reloaded assembly
- Completed reload, in  0.991 seconds
Platform modules already initialized, skipping
Refreshing native plugins compatible for Editor in 0.82 ms, found 0 plugins.
Preloading 0 native plugins for Editor in 0.00 ms.
Unloading 3569 Unused Serialized files (Serialized files now loaded: 0)
System memory in use before: 172.4 MB.
System memory in use after: 172.7 MB.

Unloading 6 unused Assets to reduce memory usage. Loaded Objects now: 4556.
Total: 2.874500 ms (FindLiveObjects: 0.471600 ms CreateObjectMapping: 0.098600 ms MarkObjects: 2.286300 ms  DeleteObjects: 0.016400 ms)

========================================================================
Received Prepare
Registering precompiled user dll's ...
Registered in 0.001711 seconds.
Begin MonoManager ReloadAssembly
Native extension for WindowsStandalone target not found
Refreshing native plugins compatible for Editor in 0.96 ms, found 0 plugins.
Preloading 0 native plugins for Editor in 0.00 ms.
Mono: successfully reloaded assembly
- Completed reload, in  1.027 seconds
Platform modules already initialized, skipping
Refreshing native plugins compatible for Editor in 0.85 ms, found 0 plugins.
Preloading 0 native plugins for Editor in 0.00 ms.
Unloading 3569 Unused Serialized files (Serialized files now loaded: 0)
System memory in use before: 172.5 MB.
System memory in use after: 172.7 MB.

Unloading 6 unused Assets to reduce memory usage. Loaded Objects now: 4559.
Total: 2.957400 ms (FindLiveObjects: 0.473100 ms CreateObjectMapping: 0.100600 ms MarkObjects: 2.368500 ms  DeleteObjects: 0.014400 ms)

========================================================================
Received Prepare
Registering precompiled user dll's ...
Registered in 0.001451 seconds.
Begin MonoManager ReloadAssembly
Native extension for WindowsStandalone target not found
Refreshing native plugins compatible for Editor in 0.85 ms, found 0 plugins.
Preloading 0 native plugins for Editor in 0.00 ms.
Mono: successfully reloaded assembly
- Completed reload, in  1.008 seconds
Platform modules already initialized, skipping
Refreshing native plugins compatible for Editor in 0.88 ms, found 0 plugins.
Preloading 0 native plugins for Editor in 0.00 ms.
Unloading 3569 Unused Serialized files (Serialized files now loaded: 0)
System memory in use before: 172.5 MB.
System memory in use after: 172.7 MB.

Unloading 6 unused Assets to reduce memory usage. Loaded Objects now: 4562.
Total: 3.231700 ms (FindLiveObjects: 0.503700 ms CreateObjectMapping: 0.102000 ms MarkObjects: 2.600300 ms  DeleteObjects: 0.023400 ms)

========================================================================
Received Prepare
Registering precompiled user dll's ...
Registered in 0.001721 seconds.
Begin MonoManager ReloadAssembly
Native extension for WindowsStandalone target not found
Refreshing native plugins compatible for Editor in 0.91 ms, found 0 plugins.
Preloading 0 native plugins for Editor in 0.00 ms.
Mono: successfully reloaded assembly
- Completed reload, in  1.013 seconds
Platform modules already initialized, skipping
Refreshing native plugins compatible for Editor in 0.79 ms, found 0 plugins.
Preloading 0 native plugins for Editor in 0.00 ms.
Unloading 3569 Unused Serialized files (Serialized files now loaded: 0)
System memory in use before: 172.5 MB.
System memory in use after: 172.7 MB.

Unloading 6 unused Assets to reduce memory usage. Loaded Objects now: 4565.
Total: 2.793000 ms (FindLiveObjects: 0.440600 ms CreateObjectMapping: 0.109700 ms MarkObjects: 2.227400 ms  DeleteObjects: 0.014100 ms)

========================================================================
Received Prepare
Registering precompiled user dll's ...
Registered in 0.001631 seconds.
Begin MonoManager ReloadAssembly
Native extension for WindowsStandalone target not found
Refreshing native plugins compatible for Editor in 1.30 ms, found 0 plugins.
Preloading 0 native plugins for Editor in 0.00 ms.
Mono: successfully reloaded assembly
- Completed reload, in  0.985 seconds
Platform modules already initialized, skipping
Refreshing native plugins compatible for Editor in 0.82 ms, found 0 plugins.
Preloading 0 native plugins for Editor in 0.00 ms.
Unloading 3569 Unused Serialized files (Serialized files now loaded: 0)
System memory in use before: 172.5 MB.
System memory in use after: 172.7 MB.

Unloading 6 unused Assets to reduce memory usage. Loaded Objects now: 4568.
Total: 3.607300 ms (FindLiveObjects: 0.470000 ms CreateObjectMapping: 0.105200 ms MarkObjects: 3.009300 ms  DeleteObjects: 0.021100 ms)

========================================================================
Received Prepare
Registering precompiled user dll's ...
Registered in 0.002514 seconds.
Begin MonoManager ReloadAssembly
Native extension for WindowsStandalone target not found
Refreshing native plugins compatible for Editor in 0.81 ms, found 0 plugins.
Preloading 0 native plugins for Editor in 0.00 ms.
Mono: successfully reloaded assembly
- Completed reload, in  1.049 seconds
Platform modules already initialized, skipping
Refreshing native plugins compatible for Editor in 0.84 ms, found 0 plugins.
Preloading 0 native plugins for Editor in 0.00 ms.
Unloading 3569 Unused Serialized files (Serialized files now loaded: 0)
System memory in use before: 172.5 MB.
System memory in use after: 172.7 MB.

Unloading 6 unused Assets to reduce memory usage. Loaded Objects now: 4571.
Total: 3.114200 ms (FindLiveObjects: 0.513900 ms CreateObjectMapping: 0.101300 ms MarkObjects: 2.479700 ms  DeleteObjects: 0.018200 ms)

========================================================================
Received Prepare
Registering precompiled user dll's ...
Registered in 0.001677 seconds.
Begin MonoManager ReloadAssembly
Native extension for WindowsStandalone target not found
Refreshing native plugins compatible for Editor in 0.82 ms, found 0 plugins.
Preloading 0 native plugins for Editor in 0.00 ms.
Mono: successfully reloaded assembly
- Completed reload, in  1.002 seconds
Platform modules already initialized, skipping
Refreshing native plugins compatible for Editor in 0.88 ms, found 0 plugins.
Preloading 0 native plugins for Editor in 0.00 ms.
Unloading 3569 Unused Serialized files (Serialized files now loaded: 0)
System memory in use before: 172.5 MB.
System memory in use after: 172.7 MB.

Unloading 6 unused Assets to reduce memory usage. Loaded Objects now: 4574.
Total: 4.114700 ms (FindLiveObjects: 0.524200 ms CreateObjectMapping: 0.108400 ms MarkObjects: 3.454600 ms  DeleteObjects: 0.025200 ms)

========================================================================
Received Prepare
Registering precompiled user dll's ...
Registered in 0.001720 seconds.
Begin MonoManager ReloadAssembly
Native extension for WindowsStandalone target not found
Refreshing native plugins compatible for Editor in 0.81 ms, found 0 plugins.
Preloading 0 native plugins for Editor in 0.00 ms.
Mono: successfully reloaded assembly
- Completed reload, in  0.992 seconds
Platform modules already initialized, skipping
Refreshing native plugins compatible for Editor in 0.84 ms, found 0 plugins.
Preloading 0 native plugins for Editor in 0.00 ms.
Unloading 3569 Unused Serialized files (Serialized files now loaded: 0)
System memory in use before: 172.5 MB.
System memory in use after: 172.8 MB.

Unloading 6 unused Assets to reduce memory usage. Loaded Objects now: 4577.
Total: 3.682300 ms (FindLiveObjects: 0.701900 ms CreateObjectMapping: 0.206600 ms MarkObjects: 2.753200 ms  DeleteObjects: 0.019400 ms)

========================================================================
Received Prepare
Registering precompiled user dll's ...
Registered in 0.001809 seconds.
Begin MonoManager ReloadAssembly
Native extension for WindowsStandalone target not found
Refreshing native plugins compatible for Editor in 0.80 ms, found 0 plugins.
Preloading 0 native plugins for Editor in 0.00 ms.
Mono: successfully reloaded assembly
- Completed reload, in  0.943 seconds
Platform modules already initialized, skipping
Refreshing native plugins compatible for Editor in 1.24 ms, found 0 plugins.
Preloading 0 native plugins for Editor in 0.00 ms.
Unloading 3569 Unused Serialized files (Serialized files now loaded: 0)
System memory in use before: 172.5 MB.
System memory in use after: 172.8 MB.

Unloading 6 unused Assets to reduce memory usage. Loaded Objects now: 4580.
Total: 3.118300 ms (FindLiveObjects: 0.543400 ms CreateObjectMapping: 0.243400 ms MarkObjects: 2.313700 ms  DeleteObjects: 0.016100 ms)

========================================================================
Received Prepare
Registering precompiled user dll's ...
Registered in 0.001821 seconds.
Begin MonoManager ReloadAssembly
Native extension for WindowsStandalone target not found
Refreshing native plugins compatible for Editor in 1.18 ms, found 0 plugins.
Preloading 0 native plugins for Editor in 0.00 ms.
Mono: successfully reloaded assembly
- Completed reload, in  1.043 seconds
Platform modules already initialized, skipping
Refreshing native plugins compatible for Editor in 1.02 ms, found 0 plugins.
Preloading 0 native plugins for Editor in 0.00 ms.
Unloading 3569 Unused Serialized files (Serialized files now loaded: 0)
System memory in use before: 172.5 MB.
System memory in use after: 172.8 MB.

Unloading 6 unused Assets to reduce memory usage. Loaded Objects now: 4583.
Total: 6.430200 ms (FindLiveObjects: 0.780700 ms CreateObjectMapping: 0.490700 ms MarkObjects: 5.137200 ms  DeleteObjects: 0.019500 ms)

========================================================================
Received Prepare
Registering precompiled user dll's ...
Registered in 0.001614 seconds.
Begin MonoManager ReloadAssembly
Native extension for WindowsStandalone target not found
Refreshing native plugins compatible for Editor in 0.79 ms, found 0 plugins.
Preloading 0 native plugins for Editor in 0.00 ms.
Mono: successfully reloaded assembly
- Completed reload, in  0.999 seconds
Platform modules already initialized, skipping
Refreshing native plugins compatible for Editor in 0.83 ms, found 0 plugins.
Preloading 0 native plugins for Editor in 0.00 ms.
Unloading 3569 Unused Serialized files (Serialized files now loaded: 0)
System memory in use before: 172.5 MB.
System memory in use after: 172.8 MB.

Unloading 6 unused Assets to reduce memory usage. Loaded Objects now: 4586.
Total: 3.066700 ms (FindLiveObjects: 0.467300 ms CreateObjectMapping: 0.097500 ms MarkObjects: 2.484100 ms  DeleteObjects: 0.016400 ms)

========================================================================
Received Prepare
Registering precompiled user dll's ...
Registered in 0.001569 seconds.
Begin MonoManager ReloadAssembly
Native extension for WindowsStandalone target not found
Refreshing native plugins compatible for Editor in 0.81 ms, found 0 plugins.
Preloading 0 native plugins for Editor in 0.00 ms.
Mono: successfully reloaded assembly
- Completed reload, in  0.967 seconds
Platform modules already initialized, skipping
Refreshing native plugins compatible for Editor in 0.89 ms, found 0 plugins.
Preloading 0 native plugins for Editor in 0.00 ms.
Unloading 3569 Unused Serialized files (Serialized files now loaded: 0)
System memory in use before: 172.5 MB.
System memory in use after: 172.8 MB.

Unloading 6 unused Assets to reduce memory usage. Loaded Objects now: 4589.
Total: 3.171800 ms (FindLiveObjects: 0.473900 ms CreateObjectMapping: 0.184900 ms MarkObjects: 2.494700 ms  DeleteObjects: 0.016700 ms)

========================================================================
Received Import Request.
  Time since last request: 62747.707255 seconds.
  path: Assets/Prefabs/ExaminedObject.prefab
  artifactKey: Guid(5203b03f7a97305469519a6b1b2d9e8e) Importer(815301076,1909f56bfc062723c751e8b465ee728b)
Start importing Assets/Prefabs/ExaminedObject.prefab using Guid(5203b03f7a97305469519a6b1b2d9e8e) Importer(815301076,1909f56bfc062723c751e8b465ee728b) Launched and connected shader compiler UnityShaderCompiler.exe after 0.03 seconds
Launched and connected shader compiler UnityShaderCompiler.exe after 0.03 seconds
Launched and connected shader compiler UnityShaderCompiler.exe after 0.03 seconds
Launched and connected shader compiler UnityShaderCompiler.exe after 0.04 seconds
Launched and connected shader compiler UnityShaderCompiler.exe after 0.03 seconds
Launched and connected shader compiler UnityShaderCompiler.exe after 0.04 seconds
Launched and connected shader compiler UnityShaderCompiler.exe after 0.03 seconds
Launched and connected shader compiler UnityShaderCompiler.exe after 0.04 seconds
Launched and connected shader compiler UnityShaderCompiler.exe after 0.04 seconds
Launched and connected shader compiler UnityShaderCompiler.exe after 0.03 seconds
Launched and connected shader compiler UnityShaderCompiler.exe after 0.04 seconds
 -> (artifact id: 'c8063a5a14eddc86825ae2008f63c940') in 1.049625 seconds
  Import took 1.058698 seconds .

========================================================================
Received Import Request.
  Time since last request: 52.981000 seconds.
  path: Assets/Prefabs/ExaminedObject.prefab
  artifactKey: Guid(5203b03f7a97305469519a6b1b2d9e8e) Importer(815301076,1909f56bfc062723c751e8b465ee728b)
Start importing Assets/Prefabs/ExaminedObject.prefab using Guid(5203b03f7a97305469519a6b1b2d9e8e) Importer(815301076,1909f56bfc062723c751e8b465ee728b)  -> (artifact id: '0b5011d5c29ef7b4bc050e5cd81aaebf') in 0.027431 seconds
  Import took 0.034504 seconds .

========================================================================
Received Import Request.
  Time since last request: 10.544262 seconds.
  path: Assets/Prefabs/ExaminedObject.prefab
  artifactKey: Guid(5203b03f7a97305469519a6b1b2d9e8e) Importer(815301076,1909f56bfc062723c751e8b465ee728b)
Start importing Assets/Prefabs/ExaminedObject.prefab using Guid(5203b03f7a97305469519a6b1b2d9e8e) Importer(815301076,1909f56bfc062723c751e8b465ee728b)  -> (artifact id: '8f692a883118b4f1ffaeb40a52a2cf04') in 0.022337 seconds
  Import took 0.028879 seconds .

========================================================================
Received Prepare
Registering precompiled user dll's ...
Registered in 0.001465 seconds.
Begin MonoManager ReloadAssembly
Native extension for WindowsStandalone target not found
Refreshing native plugins compatible for Editor in 0.78 ms, found 0 plugins.
Preloading 0 native plugins for Editor in 0.00 ms.
Mono: successfully reloaded assembly
- Completed reload, in  1.371 seconds
Platform modules already initialized, skipping
Refreshing native plugins compatible for Editor in 0.82 ms, found 0 plugins.
Preloading 0 native plugins for Editor in 0.00 ms.
Unloading 3581 Unused Serialized files (Serialized files now loaded: 0)
System memory in use before: 183.4 MB.
System memory in use after: 183.6 MB.

Unloading 6 unused Assets to reduce memory usage. Loaded Objects now: 4727.
Total: 3.077800 ms (FindLiveObjects: 0.464700 ms CreateObjectMapping: 0.100200 ms MarkObjects: 2.497000 ms  DeleteObjects: 0.014600 ms)

========================================================================
Received Import Request.
  Time since last request: 188426.374478 seconds.
  path: Assets/Prefabs/ExaminedObject.prefab
  artifactKey: Guid(5203b03f7a97305469519a6b1b2d9e8e) Importer(815301076,1909f56bfc062723c751e8b465ee728b)
Start importing Assets/Prefabs/ExaminedObject.prefab using Guid(5203b03f7a97305469519a6b1b2d9e8e) Importer(815301076,1909f56bfc062723c751e8b465ee728b)  -> (artifact id: '39a07e43645ad69f359e6469aee5d519') in 0.512142 seconds
  Import took 0.519452 seconds .

========================================================================
Received Prepare
Registering precompiled user dll's ...
Registered in 0.002533 seconds.
Begin MonoManager ReloadAssembly
Native extension for WindowsStandalone target not found
Refreshing native plugins compatible for Editor in 0.77 ms, found 0 plugins.
Preloading 0 native plugins for Editor in 0.00 ms.
Mono: successfully reloaded assembly
- Completed reload, in  1.066 seconds
Platform modules already initialized, skipping
Refreshing native plugins compatible for Editor in 0.80 ms, found 0 plugins.
Preloading 0 native plugins for Editor in 0.00 ms.
Unloading 3569 Unused Serialized files (Serialized files now loaded: 0)
System memory in use before: 183.0 MB.
System memory in use after: 183.3 MB.

Unloading 6 unused Assets to reduce memory usage. Loaded Objects now: 4831.
Total: 3.182100 ms (FindLiveObjects: 0.567900 ms CreateObjectMapping: 0.098700 ms MarkObjects: 2.498300 ms  DeleteObjects: 0.015900 ms)

========================================================================
Received Import Request.
  Time since last request: 178.927470 seconds.
  path: Assets/Prefabs/ExaminedObject.prefab
  artifactKey: Guid(5203b03f7a97305469519a6b1b2d9e8e) Importer(815301076,1909f56bfc062723c751e8b465ee728b)
Start importing Assets/Prefabs/ExaminedObject.prefab using Guid(5203b03f7a97305469519a6b1b2d9e8e) Importer(815301076,1909f56bfc062723c751e8b465ee728b)  -> (artifact id: '4927f8b3cdd55c4417ead3d74d0d6a60') in 0.503699 seconds
  Import took 0.512435 seconds .

========================================================================
Received Import Request.
  Time since last request: 36.233105 seconds.
  path: Assets/Prefabs/ExaminedObject.prefab
  artifactKey: Guid(5203b03f7a97305469519a6b1b2d9e8e) Importer(815301076,1909f56bfc062723c751e8b465ee728b)
Start importing Assets/Prefabs/ExaminedObject.prefab using Guid(5203b03f7a97305469519a6b1b2d9e8e) Importer(815301076,1909f56bfc062723c751e8b465ee728b)  -> (artifact id: 'af103fe997fc34e91e28fd2d5e12263d') in 0.022315 seconds
  Import took 0.028887 seconds .

========================================================================
Received Prepare
Registering precompiled user dll's ...
Registered in 0.082676 seconds.
Begin MonoManager ReloadAssembly
Native extension for WindowsStandalone target not found
Refreshing native plugins compatible for Editor in 0.79 ms, found 0 plugins.
Preloading 0 native plugins for Editor in 0.00 ms.
Mono: successfully reloaded assembly
- Completed reload, in  5.670 seconds
Platform modules already initialized, skipping
Refreshing native plugins compatible for Editor in 0.79 ms, found 0 plugins.
Preloading 0 native plugins for Editor in 0.00 ms.
Unloading 3569 Unused Serialized files (Serialized files now loaded: 0)
System memory in use before: 183.4 MB.
System memory in use after: 183.6 MB.

Unloading 6 unused Assets to reduce memory usage. Loaded Objects now: 4935.
Total: 3.278000 ms (FindLiveObjects: 0.519000 ms CreateObjectMapping: 0.104600 ms MarkObjects: 2.638300 ms  DeleteObjects: 0.014900 ms)

========================================================================
Received Import Request.
  Time since last request: 265137.782009 seconds.
  path: Assets/CustomShader
  artifactKey: Guid(14540a22739fd2c46af07bce06177af8) Importer(815301076,1909f56bfc062723c751e8b465ee728b)
Start importing Assets/CustomShader using Guid(14540a22739fd2c46af07bce06177af8) Importer(815301076,1909f56bfc062723c751e8b465ee728b)  -> (artifact id: '6da23e4bb3be6d98858e9171d57c70ce') in 0.011587 seconds
  Import took 0.017853 seconds .

========================================================================
Received Import Request.
  Time since last request: 17.644908 seconds.
  path: Assets/CustomShader/DreamPP.shader
  artifactKey: Guid(9616c062844c72d4d8f701d776dd8c5b) Importer(815301076,1909f56bfc062723c751e8b465ee728b)
Start importing Assets/CustomShader/DreamPP.shader using Guid(9616c062844c72d4d8f701d776dd8c5b) Importer(815301076,1909f56bfc062723c751e8b465ee728b)  -> (artifact id: '39233408b8caf2a498266cb235be6bd2') in 0.032571 seconds
  Import took 0.039882 seconds .

========================================================================
Received Import Request.
  Time since last request: 192.952957 seconds.
  path: Assets/CustomShader/DreamPP.cs
  artifactKey: Guid(6a04a143d90c41447b9c377cd9aa235e) Importer(815301076,1909f56bfc062723c751e8b465ee728b)
Start importing Assets/CustomShader/DreamPP.cs using Guid(6a04a143d90c41447b9c377cd9aa235e) Importer(815301076,1909f56bfc062723c751e8b465ee728b)  -> (artifact id: 'd93116729444587a3866a18971ffbd0d') in 0.002589 seconds
  Import took 0.009431 seconds .

========================================================================
Received Import Request.
  Time since last request: 0.023382 seconds.
  path: Assets/CustomShader/DreamPP.cs
  artifactKey: Guid(6a04a143d90c41447b9c377cd9aa235e) Importer(815301076,1909f56bfc062723c751e8b465ee728b)
Start importing Assets/CustomShader/DreamPP.cs using Guid(6a04a143d90c41447b9c377cd9aa235e) Importer(815301076,1909f56bfc062723c751e8b465ee728b)  -> (artifact id: 'd93116729444587a3866a18971ffbd0d') in 0.003355 seconds
  Import took 0.010121 seconds .

========================================================================
Received Prepare
Registering precompiled user dll's ...
Registered in 0.001538 seconds.
Begin MonoManager ReloadAssembly
Native extension for WindowsStandalone target not found
Refreshing native plugins compatible for Editor in 0.80 ms, found 0 plugins.
Preloading 0 native plugins for Editor in 0.00 ms.
Mono: successfully reloaded assembly
- Completed reload, in  1.020 seconds
Platform modules already initialized, skipping
Refreshing native plugins compatible for Editor in 0.92 ms, found 0 plugins.
Preloading 0 native plugins for Editor in 0.00 ms.
Unloading 3571 Unused Serialized files (Serialized files now loaded: 0)
System memory in use before: 183.7 MB.
System memory in use after: 183.9 MB.

Unloading 7 unused Assets to reduce memory usage. Loaded Objects now: 4939.
Total: 3.727200 ms (FindLiveObjects: 0.524200 ms CreateObjectMapping: 0.100000 ms MarkObjects: 3.039700 ms  DeleteObjects: 0.061600 ms)

========================================================================
Received Prepare
Registering precompiled user dll's ...
Registered in 0.002407 seconds.
Begin MonoManager ReloadAssembly
Native extension for WindowsStandalone target not found
Refreshing native plugins compatible for Editor in 1.01 ms, found 0 plugins.
Preloading 0 native plugins for Editor in 0.00 ms.
[ScriptCompilation] NOT recompiling all scripts because this is an import worker process. Reason to compile was: Define symbols changed
Mono: successfully reloaded assembly
- Completed reload, in  1.679 seconds
Platform modules already initialized, skipping
Refreshing native plugins compatible for Editor in 1.28 ms, found 0 plugins.
Preloading 0 native plugins for Editor in 0.00 ms.
Unloading 3691 Unused Serialized files (Serialized files now loaded: 0)
System memory in use before: 191.6 MB.
System memory in use after: 189.8 MB.

Unloading 34 unused Assets to reduce memory usage. Loaded Objects now: 5035.
Total: 11.390800 ms (FindLiveObjects: 1.321500 ms CreateObjectMapping: 0.484500 ms MarkObjects: 8.284800 ms  DeleteObjects: 1.297200 ms)

========================================================================
Received Prepare
Registering precompiled user dll's ...
Registered in 0.001835 seconds.
Begin MonoManager ReloadAssembly
Native extension for WindowsStandalone target not found
Refreshing native plugins compatible for Editor in 0.91 ms, found 0 plugins.
Preloading 0 native plugins for Editor in 0.00 ms.
[ScriptCompilation] NOT recompiling all scripts because this is an import worker process. Reason to compile was: Define symbols changed
Mono: successfully reloaded assembly
- Completed reload, in  1.153 seconds
Platform modules already initialized, skipping
Refreshing native plugins compatible for Editor in 1.17 ms, found 0 plugins.
Preloading 0 native plugins for Editor in 0.00 ms.
Unloading 3691 Unused Serialized files (Serialized files now loaded: 0)
System memory in use before: 191.6 MB.
System memory in use after: 189.8 MB.

Unloading 34 unused Assets to reduce memory usage. Loaded Objects now: 5038.
Total: 4.054500 ms (FindLiveObjects: 0.512500 ms CreateObjectMapping: 0.106300 ms MarkObjects: 2.628400 ms  DeleteObjects: 0.806100 ms)

AssetImportWorkerClient::OnTransportError - code=2 error=End of file
